region,admin,variable,n_points,start_year,end_year,intercept,slope,p_value,r^2
East,Donghae,COD_b_adj,44.000,2014.000,2024.000,-167.680,0.083,0.001,0.251
East,Donghae,Chla_b_adj,44.000,2014.000,2024.000,10.546,-0.005,0.859,0.001
East,Donghae,DIN_b_adj,44.000,2014.000,2024.000,-8938.945,4.427,0.056,0.084
East,Donghae,DIP_b_adj,44.000,2014.000,2024.000,-1218.998,0.604,0.106,0.061
East,Donghae,DO_b_adj,44.000,2014.000,2024.000,177.307,-0.088,0.075,0.073
East,Donghae,NH3-N_b_adj,44.000,2014.000,2024.000,-146.770,0.073,0.771,0.002
East,Donghae,NO2-_b_adj,44.000,2014.000,2024.000,-218.910,0.108,0.216,0.036
East,Donghae,NO3-_b_adj,44.000,2014.000,2024.000,-8568.146,4.243,0.066,0.078
East,Donghae,SAS_b_adj,44.000,2014.000,2024.000,-18287.144,9.056,0.098,0.064
East,Donghae,SS_b_adj,44.000,2014.000,2024.000,-513.939,0.255,0.082,0.070
East,Donghae,TN_b_adj,44.000,2014.000,2024.000,14040.709,-6.953,0.006,0.169
East,Donghae,TP_b_adj,44.000,2014.000,2024.000,-1419.453,0.703,0.041,0.096
East,Donghae,pH_b_adj,44.000,2014.000,2024.000,11.286,-0.006,0.245,0.032
East,Donghae,salinity_b_adj,44.000,2014.000,2024.000,20.434,-0.010,0.539,0.009
East,Donghae,temp_b_adj,44.000,2014.000,2024.000,-528.614,0.262,0.184,0.042
East,Gangneung,COD_b_adj,44.000,2014.000,2024.000,-153.528,0.076,0.001,0.222
East,Gangneung,Chla_b_adj,44.000,2014.000,2024.000,61.970,-0.031,0.527,0.010
East,Gangneung,DIN_b_adj,44.000,2014.000,2024.000,-9894.729,4.900,0.023,0.117
East,Gangneung,DIP_b_adj,44.000,2014.000,2024.000,-1352.490,0.670,0.044,0.093
East,Gangneung,DO_b_adj,44.000,2014.000,2024.000,173.447,-0.086,0.058,0.083
East,Gangneung,NH3-N_b_adj,44.000,2014.000,2024.000,-983.225,0.487,0.139,0.051
East,Gangneung,NO2-_b_adj,44.000,2014.000,2024.000,-365.999,0.181,0.058,0.083
East,Gangneung,NO3-_b_adj,44.000,2014.000,2024.000,-8586.672,4.252,0.034,0.103
East,Gangneung,SAS_b_adj,44.000,2014.000,2024.000,-19028.441,9.423,0.048,0.090
East,Gangneung,SS_b_adj,44.000,2014.000,2024.000,-577.211,0.286,0.028,0.110
East,Gangneung,TN_b_adj,44.000,2014.000,2024.000,9913.261,-4.909,0.013,0.138
East,Gangneung,TP_b_adj,44.000,2014.000,2024.000,-1457.252,0.722,0.039,0.097
East,Gangneung,pH_b_adj,44.000,2014.000,2024.000,7.525,-0.004,0.316,0.024
East,Gangneung,salinity_b_adj,44.000,2014.000,2024.000,30.763,-0.015,0.491,0.011
East,Gangneung,temp_b_adj,44.000,2014.000,2024.000,-296.520,0.147,0.513,0.010
East,Gosung,COD_b_adj,44.000,2014.000,2024.000,-119.207,0.059,0.016,0.130
East,Gosung,Chla_b_adj,44.000,2014.000,2024.000,-70.770,0.035,0.434,0.015
East,Gosung,DIN_b_adj,44.000,2014.000,2024.000,3340.143,-1.654,0.315,0.024
East,Gosung,DIP_b_adj,44.000,2014.000,2024.000,619.055,-0.307,0.270,0.029
East,Gosung,DO_b_adj,44.000,2014.000,2024.000,9.646,-0.005,0.929,0.000
East,Gosung,NH3-N_b_adj,44.000,2014.000,2024.000,430.228,-0.213,0.484,0.012
East,Gosung,NO2-_b_adj,44.000,2014.000,2024.000,77.602,-0.038,0.596,0.007
East,Gosung,NO3-_b_adj,44.000,2014.000,2024.000,2827.706,-1.400,0.367,0.019
East,Gosung,SAS_b_adj,44.000,2014.000,2024.000,9820.109,-4.863,0.270,0.029
East,Gosung,SS_b_adj,44.000,2014.000,2024.000,728.635,-0.361,0.090,0.067
East,Gosung,TN_b_adj,44.000,2014.000,2024.000,7994.471,-3.959,0.028,0.109
East,Gosung,TP_b_adj,44.000,2014.000,2024.000,378.302,-0.187,0.515,0.010
East,Gosung,pH_b_adj,44.000,2014.000,2024.000,-0.117,0.000,0.988,0.000
East,Gosung,salinity_b_adj,44.000,2014.000,2024.000,50.004,-0.025,0.355,0.020
East,Gosung,temp_b_adj,44.000,2014.000,2024.000,-404.073,0.200,0.513,0.010
East,Samchuk,COD_b_adj,44.000,2014.000,2024.000,-135.441,0.067,0.014,0.135
East,Samchuk,Chla_b_adj,44.000,2014.000,2024.000,-82.316,0.041,0.507,0.011
East,Samchuk,DIN_b_adj,44.000,2014.000,2024.000,-10404.178,5.152,0.033,0.104
East,Samchuk,DIP_b_adj,44.000,2014.000,2024.000,-1147.435,0.568,0.132,0.053
East,Samchuk,DO_b_adj,44.000,2014.000,2024.000,158.248,-0.078,0.116,0.058
East,Samchuk,NH3-N_b_adj,44.000,2014.000,2024.000,-550.125,0.272,0.310,0.025
East,Samchuk,NO2-_b_adj,44.000,2014.000,2024.000,-108.495,0.054,0.542,0.009
East,Samchuk,NO3-_b_adj,44.000,2014.000,2024.000,-9743.839,4.825,0.041,0.096
East,Samchuk,SAS_b_adj,44.000,2014.000,2024.000,-21809.491,10.800,0.065,0.079
East,Samchuk,SS_b_adj,44.000,2014.000,2024.000,0.539,-0.000,0.999,0.000
East,Samchuk,TN_b_adj,44.000,2014.000,2024.000,4951.494,-2.452,0.298,0.026
East,Samchuk,TP_b_adj,44.000,2014.000,2024.000,-1472.442,0.729,0.053,0.086
East,Samchuk,pH_b_adj,44.000,2014.000,2024.000,8.518,-0.004,0.301,0.025
East,Samchuk,salinity_b_adj,44.000,2014.000,2024.000,-16.030,0.008,0.747,0.003
East,Samchuk,temp_b_adj,44.000,2014.000,2024.000,118.437,-0.059,0.780,0.002
East,Sokcho,COD_b_adj,44.000,2014.000,2024.000,-199.546,0.099,0.000,0.289
East,Sokcho,Chla_b_adj,44.000,2014.000,2024.000,-56.887,0.028,0.539,0.009
East,Sokcho,DIN_b_adj,44.000,2014.000,2024.000,-5025.679,2.489,0.311,0.024
East,Sokcho,DIP_b_adj,44.000,2014.000,2024.000,-663.273,0.328,0.416,0.016
East,Sokcho,DO_b_adj,44.000,2014.000,2024.000,55.963,-0.028,0.596,0.007
East,Sokcho,NH3-N_b_adj,44.000,2014.000,2024.000,-1267.755,0.628,0.101,0.063
East,Sokcho,NO2-_b_adj,44.000,2014.000,2024.000,-136.939,0.068,0.399,0.017
East,Sokcho,NO3-_b_adj,44.000,2014.000,2024.000,-3621.025,1.793,0.440,0.014
East,Sokcho,SAS_b_adj,44.000,2014.000,2024.000,-7789.936,3.858,0.487,0.012
East,Sokcho,SS_b_adj,44.000,2014.000,2024.000,-441.840,0.219,0.174,0.044
East,Sokcho,TN_b_adj,44.000,2014.000,2024.000,12383.522,-6.132,0.018,0.125
East,Sokcho,TP_b_adj,44.000,2014.000,2024.000,-618.236,0.306,0.415,0.016
East,Sokcho,pH_b_adj,44.000,2014.000,2024.000,2.934,-0.001,0.737,0.003
East,Sokcho,salinity_b_adj,44.000,2014.000,2024.000,34.580,-0.017,0.313,0.024
East,Sokcho,temp_b_adj,44.000,2014.000,2024.000,-286.761,0.142,0.526,0.010
Jeju,Daejung,COD_b_adj,44.000,2014.000,2024.000,-101.341,0.050,0.132,0.053
Jeju,Daejung,Chla_b_adj,44.000,2014.000,2024.000,35.523,-0.018,0.572,0.008
Jeju,Daejung,DIN_b_adj,44.000,2014.000,2024.000,1909.708,-0.946,0.484,0.012
Jeju,Daejung,DIP_b_adj,44.000,2014.000,2024.000,206.809,-0.102,0.613,0.006
Jeju,Daejung,DO_b_adj,44.000,2014.000,2024.000,3.516,-0.002,0.970,0.000
Jeju,Daejung,NH3-N_b_adj,44.000,2014.000,2024.000,-295.339,0.146,0.845,0.001
Jeju,Daejung,NO2-_b_adj,44.000,2014.000,2024.000,-13.138,0.007,0.917,0.000
Jeju,Daejung,NO3-_b_adj,44.000,2014.000,2024.000,2220.680,-1.100,0.297,0.026
Jeju,Daejung,SAS_b_adj,44.000,2014.000,2024.000,5322.096,-2.636,0.315,0.024
Jeju,Daejung,SS_b_adj,44.000,2014.000,2024.000,-2408.353,1.193,0.034,0.103
Jeju,Daejung,TN_b_adj,44.000,2014.000,2024.000,10817.694,-5.357,0.048,0.090
Jeju,Daejung,TP_b_adj,44.000,2014.000,2024.000,-160.701,0.080,0.643,0.005
Jeju,Daejung,pH_b_adj,44.000,2014.000,2024.000,7.072,-0.004,0.553,0.008
Jeju,Daejung,salinity_b_adj,44.000,2014.000,2024.000,66.078,-0.033,0.514,0.010
Jeju,Daejung,temp_b_adj,44.000,2014.000,2024.000,-462.663,0.229,0.210,0.037
Jeju,Gujwa,COD_b_adj,44.000,2014.000,2024.000,-138.083,0.068,0.013,0.139
Jeju,Gujwa,Chla_b_adj,44.000,2014.000,2024.000,26.114,-0.013,0.645,0.005
Jeju,Gujwa,DIN_b_adj,44.000,2014.000,2024.000,-1031.253,0.511,0.710,0.003
Jeju,Gujwa,DIP_b_adj,44.000,2014.000,2024.000,-93.212,0.046,0.832,0.001
Jeju,Gujwa,DO_b_adj,44.000,2014.000,2024.000,105.350,-0.052,0.323,0.023
Jeju,Gujwa,NH3-N_b_adj,44.000,2014.000,2024.000,694.305,-0.344,0.385,0.018
Jeju,Gujwa,NO2-_b_adj,44.000,2014.000,2024.000,-4.175,0.002,0.993,0.000
Jeju,Gujwa,NO3-_b_adj,44.000,2014.000,2024.000,-1724.548,0.854,0.490,0.011
Jeju,Gujwa,SAS_b_adj,44.000,2014.000,2024.000,2252.378,-1.115,0.603,0.006
Jeju,Gujwa,SS_b_adj,44.000,2014.000,2024.000,-648.938,0.321,0.457,0.013
Jeju,Gujwa,TN_b_adj,44.000,2014.000,2024.000,13131.039,-6.503,0.001,0.243
Jeju,Gujwa,TP_b_adj,44.000,2014.000,2024.000,-564.164,0.279,0.121,0.056
Jeju,Gujwa,pH_b_adj,44.000,2014.000,2024.000,10.913,-0.005,0.352,0.021
Jeju,Gujwa,salinity_b_adj,44.000,2014.000,2024.000,56.677,-0.028,0.633,0.005
Jeju,Gujwa,temp_b_adj,44.000,2014.000,2024.000,-482.934,0.239,0.206,0.038
Jeju,Hallim,COD_b_adj,44.000,2014.000,2024.000,-88.017,0.044,0.130,0.054
Jeju,Hallim,Chla_b_adj,44.000,2014.000,2024.000,21.377,-0.011,0.718,0.003
Jeju,Hallim,DIN_b_adj,44.000,2014.000,2024.000,696.152,-0.345,0.776,0.002
Jeju,Hallim,DIP_b_adj,44.000,2014.000,2024.000,-236.070,0.117,0.568,0.008
Jeju,Hallim,DO_b_adj,44.000,2014.000,2024.000,56.111,-0.028,0.571,0.008
Jeju,Hallim,NH3-N_b_adj,44.000,2014.000,2024.000,0.238,-0.000,1.000,0.000
Jeju,Hallim,NO2-_b_adj,44.000,2014.000,2024.000,-69.399,0.034,0.630,0.006
Jeju,Hallim,NO3-_b_adj,44.000,2014.000,2024.000,768.012,-0.380,0.742,0.003
Jeju,Hallim,SAS_b_adj,44.000,2014.000,2024.000,122.318,-0.061,0.981,0.000
Jeju,Hallim,SS_b_adj,44.000,2014.000,2024.000,-3182.564,1.576,0.012,0.142
Jeju,Hallim,TN_b_adj,44.000,2014.000,2024.000,17212.632,-8.524,0.000,0.302
Jeju,Hallim,TP_b_adj,44.000,2014.000,2024.000,-584.900,0.290,0.078,0.072
Jeju,Hallim,pH_b_adj,44.000,2014.000,2024.000,14.457,-0.007,0.410,0.016
Jeju,Hallim,salinity_b_adj,44.000,2014.000,2024.000,4.848,-0.002,0.948,0.000
Jeju,Hallim,temp_b_adj,44.000,2014.000,2024.000,-388.101,0.192,0.222,0.035
Jeju,Jeju,COD_b_adj,44.000,2014.000,2024.000,-108.825,0.054,0.034,0.102
Jeju,Jeju,Chla_b_adj,44.000,2014.000,2024.000,11.673,-0.006,0.868,0.001
Jeju,Jeju,DIN_b_adj,44.000,2014.000,2024.000,390.412,-0.193,0.887,0.000
Jeju,Jeju,DIP_b_adj,44.000,2014.000,2024.000,222.699,-0.110,0.662,0.005
Jeju,Jeju,DO_b_adj,44.000,2014.000,2024.000,58.023,-0.029,0.572,0.008
Jeju,Jeju,NH3-N_b_adj,44.000,2014.000,2024.000,-70.806,0.035,0.941,0.000
Jeju,Jeju,NO2-_b_adj,44.000,2014.000,2024.000,-231.492,0.115,0.207,0.038
Jeju,Jeju,NO3-_b_adj,44.000,2014.000,2024.000,900.454,-0.446,0.748,0.002
Jeju,Jeju,SAS_b_adj,44.000,2014.000,2024.000,5641.159,-2.794,0.441,0.014
Jeju,Jeju,SS_b_adj,44.000,2014.000,2024.000,-1753.097,0.868,0.051,0.088
Jeju,Jeju,TN_b_adj,44.000,2014.000,2024.000,15791.771,-7.820,0.000,0.336
Jeju,Jeju,TP_b_adj,44.000,2014.000,2024.000,-492.590,0.244,0.200,0.039
Jeju,Jeju,pH_b_adj,44.000,2014.000,2024.000,19.601,-0.010,0.148,0.049
Jeju,Jeju,salinity_b_adj,44.000,2014.000,2024.000,132.733,-0.066,0.314,0.024
Jeju,Jeju,temp_b_adj,44.000,2014.000,2024.000,-588.735,0.292,0.143,0.050
Jeju,Sungsanpo,COD_b_adj,44.000,2014.000,2024.000,-94.510,0.047,0.175,0.043
Jeju,Sungsanpo,Chla_b_adj,44.000,2014.000,2024.000,20.212,-0.010,0.673,0.004
Jeju,Sungsanpo,DIN_b_adj,44.000,2014.000,2024.000,2146.926,-1.063,0.365,0.020
Jeju,Sungsanpo,DIP_b_adj,44.000,2014.000,2024.000,263.666,-0.131,0.534,0.009
Jeju,Sungsanpo,DO_b_adj,44.000,2014.000,2024.000,-7.678,0.004,0.932,0.000
Jeju,Sungsanpo,NH3-N_b_adj,44.000,2014.000,2024.000,504.007,-0.250,0.503,0.011
Jeju,Sungsanpo,NO2-_b_adj,44.000,2014.000,2024.000,-44.697,0.022,0.769,0.002
Jeju,Sungsanpo,NO3-_b_adj,44.000,2014.000,2024.000,1688.660,-0.836,0.440,0.014
Jeju,Sungsanpo,SAS_b_adj,44.000,2014.000,2024.000,10573.280,-5.236,0.032,0.105
Jeju,Sungsanpo,SS_b_adj,44.000,2014.000,2024.000,-2564.498,1.270,0.001,0.241
Jeju,Sungsanpo,TN_b_adj,44.000,2014.000,2024.000,17376.659,-8.605,0.000,0.330
Jeju,Sungsanpo,TP_b_adj,44.000,2014.000,2024.000,-399.182,0.198,0.267,0.029
Jeju,Sungsanpo,pH_b_adj,44.000,2014.000,2024.000,-0.638,0.000,0.963,0.000
Jeju,Sungsanpo,salinity_b_adj,44.000,2014.000,2024.000,71.166,-0.035,0.468,0.013
Jeju,Sungsanpo,temp_b_adj,44.000,2014.000,2024.000,-556.969,0.276,0.109,0.060
South,Geoje,COD_b_adj,44.000,2014.000,2024.000,-72.226,0.036,0.099,0.064
South,Geoje,Chla_b_adj,44.000,2014.000,2024.000,96.016,-0.048,0.385,0.018
South,Geoje,DIN_b_adj,44.000,2014.000,2024.000,-4078.300,2.020,0.342,0.022
South,Geoje,DIP_b_adj,44.000,2014.000,2024.000,-917.305,0.454,0.188,0.041
South,Geoje,DO_b_adj,44.000,2014.000,2024.000,134.323,-0.067,0.322,0.023
South,Geoje,NH3-N_b_adj,44.000,2014.000,2024.000,-422.997,0.209,0.672,0.004
South,Geoje,NO2-_b_adj,44.000,2014.000,2024.000,120.905,-0.060,0.760,0.002
South,Geoje,NO3-_b_adj,44.000,2014.000,2024.000,-3764.577,1.864,0.285,0.027
South,Geoje,SAS_b_adj,44.000,2014.000,2024.000,-9207.942,4.560,0.476,0.012
South,Geoje,SS_b_adj,44.000,2014.000,2024.000,-642.524,0.318,0.116,0.058
South,Geoje,TN_b_adj,44.000,2014.000,2024.000,10397.663,-5.149,0.078,0.072
South,Geoje,TP_b_adj,44.000,2014.000,2024.000,-1042.939,0.516,0.173,0.044
South,Geoje,pH_b_adj,44.000,2014.000,2024.000,25.192,-0.012,0.046,0.092
South,Geoje,salinity_b_adj,44.000,2014.000,2024.000,69.411,-0.034,0.339,0.022
South,Geoje,temp_b_adj,44.000,2014.000,2024.000,-341.292,0.169,0.445,0.014
South,Gijang,COD_b_adj,44.000,2014.000,2024.000,-186.064,0.092,0.000,0.373
South,Gijang,Chla_b_adj,44.000,2014.000,2024.000,-143.635,0.071,0.152,0.048
South,Gijang,DIN_b_adj,44.000,2014.000,2024.000,-2494.166,1.235,0.544,0.009
South,Gijang,DIP_b_adj,44.000,2014.000,2024.000,-965.662,0.478,0.139,0.051
South,Gijang,DO_b_adj,44.000,2014.000,2024.000,-5.482,0.003,0.956,0.000
South,Gijang,NH3-N_b_adj,44.000,2014.000,2024.000,182.087,-0.090,0.808,0.001
South,Gijang,NO2-_b_adj,44.000,2014.000,2024.000,226.962,-0.112,0.404,0.017
South,Gijang,NO3-_b_adj,44.000,2014.000,2024.000,-2919.622,1.446,0.493,0.011
South,Gijang,SAS_b_adj,44.000,2014.000,2024.000,-4467.053,2.212,0.692,0.004
South,Gijang,SS_b_adj,44.000,2014.000,2024.000,-329.466,0.163,0.664,0.005
South,Gijang,TN_b_adj,44.000,2014.000,2024.000,17564.327,-8.698,0.002,0.210
South,Gijang,TP_b_adj,44.000,2014.000,2024.000,-623.447,0.309,0.450,0.014
South,Gijang,pH_b_adj,44.000,2014.000,2024.000,14.672,-0.007,0.135,0.053
South,Gijang,salinity_b_adj,44.000,2014.000,2024.000,36.955,-0.018,0.534,0.009
South,Gijang,temp_b_adj,44.000,2014.000,2024.000,-298.691,0.148,0.351,0.021
South,Gosung,COD_b_adj,44.000,2014.000,2024.000,-143.033,0.071,0.003,0.194
South,Gosung,Chla_b_adj,44.000,2014.000,2024.000,-50.150,0.025,0.564,0.008
South,Gosung,DIN_b_adj,44.000,2014.000,2024.000,4958.034,-2.455,0.216,0.036
South,Gosung,DIP_b_adj,44.000,2014.000,2024.000,-537.289,0.266,0.478,0.012
South,Gosung,DO_b_adj,44.000,2014.000,2024.000,91.006,-0.045,0.570,0.008
South,Gosung,NH3-N_b_adj,44.000,2014.000,2024.000,1093.165,-0.541,0.546,0.009
South,Gosung,NO2-_b_adj,44.000,2014.000,2024.000,1403.782,-0.695,0.099,0.063
South,Gosung,NO3-_b_adj,44.000,2014.000,2024.000,2368.649,-1.173,0.281,0.028
South,Gosung,SAS_b_adj,44.000,2014.000,2024.000,-44176.591,21.876,0.086,0.069
South,Gosung,SS_b_adj,44.000,2014.000,2024.000,1202.914,-0.596,0.043,0.094
South,Gosung,TN_b_adj,44.000,2014.000,2024.000,18946.809,-9.383,0.003,0.193
South,Gosung,TP_b_adj,44.000,2014.000,2024.000,-895.253,0.443,0.309,0.025
South,Gosung,pH_b_adj,44.000,2014.000,2024.000,28.733,-0.014,0.067,0.077
South,Gosung,salinity_b_adj,44.000,2014.000,2024.000,48.667,-0.024,0.590,0.007
South,Gosung,temp_b_adj,44.000,2014.000,2024.000,-358.571,0.178,0.560,0.008
South,Sacheon,COD_b_adj,44.000,2014.000,2024.000,-184.988,0.092,0.000,0.262
South,Sacheon,Chla_b_adj,44.000,2014.000,2024.000,138.921,-0.069,0.205,0.038
South,Sacheon,DIN_b_adj,44.000,2014.000,2024.000,-326.899,0.162,0.932,0.000
South,Sacheon,DIP_b_adj,44.000,2014.000,2024.000,-101.743,0.050,0.863,0.001
South,Sacheon,DO_b_adj,44.000,2014.000,2024.000,144.081,-0.071,0.433,0.015
South,Sacheon,NH3-N_b_adj,44.000,2014.000,2024.000,-51.236,0.025,0.972,0.000
South,Sacheon,NO2-_b_adj,44.000,2014.000,2024.000,1023.252,-0.507,0.273,0.029
South,Sacheon,NO3-_b_adj,44.000,2014.000,2024.000,-1095.861,0.543,0.608,0.006
South,Sacheon,SAS_b_adj,44.000,2014.000,2024.000,-11677.372,5.783,0.515,0.010
South,Sacheon,SS_b_adj,44.000,2014.000,2024.000,-354.118,0.175,0.482,0.012
South,Sacheon,TN_b_adj,44.000,2014.000,2024.000,19292.566,-9.554,0.003,0.190
South,Sacheon,TP_b_adj,44.000,2014.000,2024.000,-919.235,0.455,0.303,0.025
South,Sacheon,pH_b_adj,44.000,2014.000,2024.000,24.488,-0.012,0.099,0.063
South,Sacheon,salinity_b_adj,44.000,2014.000,2024.000,57.089,-0.028,0.387,0.018
South,Sacheon,temp_b_adj,44.000,2014.000,2024.000,-363.359,0.180,0.514,0.010
South,Tongyoung,COD_b_adj,44.000,2014.000,2024.000,-106.262,0.053,0.005,0.174
South,Tongyoung,Chla_b_adj,44.000,2014.000,2024.000,233.197,-0.115,0.013,0.137
South,Tongyoung,DIN_b_adj,44.000,2014.000,2024.000,-4947.415,2.450,0.199,0.039
South,Tongyoung,DIP_b_adj,44.000,2014.000,2024.000,-916.530,0.454,0.086,0.068
South,Tongyoung,DO_b_adj,44.000,2014.000,2024.000,158.406,-0.078,0.341,0.022
South,Tongyoung,NH3-N_b_adj,44.000,2014.000,2024.000,-1277.270,0.633,0.337,0.022
South,Tongyoung,NO2-_b_adj,44.000,2014.000,2024.000,928.832,-0.460,0.227,0.035
South,Tongyoung,NO3-_b_adj,44.000,2014.000,2024.000,-4504.720,2.231,0.176,0.043
South,Tongyoung,SAS_b_adj,44.000,2014.000,2024.000,-4540.394,2.248,0.798,0.002
South,Tongyoung,SS_b_adj,44.000,2014.000,2024.000,645.586,-0.320,0.114,0.058
South,Tongyoung,TN_b_adj,44.000,2014.000,2024.000,19451.157,-9.632,0.002,0.209
South,Tongyoung,TP_b_adj,44.000,2014.000,2024.000,697.507,-0.345,0.264,0.030
South,Tongyoung,pH_b_adj,44.000,2014.000,2024.000,25.342,-0.013,0.044,0.093
South,Tongyoung,salinity_b_adj,44.000,2014.000,2024.000,51.047,-0.025,0.392,0.017
South,Tongyoung,temp_b_adj,44.000,2014.000,2024.000,-362.384,0.179,0.363,0.020
South,Yeosu,COD_b_adj,44.000,2014.000,2024.000,-140.365,0.070,0.004,0.182
South,Yeosu,Chla_b_adj,44.000,2014.000,2024.000,396.352,-0.196,0.064,0.080
South,Yeosu,DIN_b_adj,44.000,2014.000,2024.000,-2939.222,1.456,0.434,0.015
South,Yeosu,DIP_b_adj,44.000,2014.000,2024.000,-826.239,0.409,0.243,0.032
South,Yeosu,DO_b_adj,44.000,2014.000,2024.000,196.076,-0.097,0.193,0.040
South,Yeosu,NH3-N_b_adj,44.000,2014.000,2024.000,-2121.415,1.051,0.094,0.065
South,Yeosu,NO2-_b_adj,44.000,2014.000,2024.000,1098.855,-0.544,0.162,0.046
South,Yeosu,NO3-_b_adj,44.000,2014.000,2024.000,-3843.134,1.903,0.257,0.030
South,Yeosu,SAS_b_adj,44.000,2014.000,2024.000,-7254.359,3.592,0.661,0.005
South,Yeosu,SS_b_adj,44.000,2014.000,2024.000,-430.783,0.213,0.299,0.026
South,Yeosu,TN_b_adj,44.000,2014.000,2024.000,16309.476,-8.076,0.004,0.181
South,Yeosu,TP_b_adj,44.000,2014.000,2024.000,-1500.123,0.743,0.023,0.117
South,Yeosu,pH_b_adj,44.000,2014.000,2024.000,20.647,-0.010,0.072,0.075
South,Yeosu,salinity_b_adj,44.000,2014.000,2024.000,19.265,-0.010,0.761,0.002
South,Yeosu,temp_b_adj,44.000,2014.000,2024.000,-177.329,0.088,0.714,0.003
West,Gochang,COD_b_adj,44.000,2014.000,2024.000,-124.632,0.062,0.054,0.085
West,Gochang,Chla_b_adj,44.000,2014.000,2024.000,466.149,-0.231,0.647,0.005
West,Gochang,DIN_b_adj,44.000,2014.000,2024.000,-6167.869,3.054,0.296,0.026
West,Gochang,DIP_b_adj,44.000,2014.000,2024.000,-589.383,0.292,0.504,0.011
West,Gochang,DO_b_adj,44.000,2014.000,2024.000,99.904,-0.049,0.568,0.008
West,Gochang,NH3-N_b_adj,44.000,2014.000,2024.000,-1448.365,0.717,0.419,0.016
West,Gochang,NO2-_b_adj,44.000,2014.000,2024.000,-1435.673,0.711,0.236,0.033
West,Gochang,NO3-_b_adj,44.000,2014.000,2024.000,-3243.001,1.606,0.408,0.016
West,Gochang,SAS_b_adj,44.000,2014.000,2024.000,-15145.819,7.500,0.507,0.011
West,Gochang,SS_b_adj,44.000,2014.000,2024.000,-15820.769,7.834,0.131,0.053
West,Gochang,TN_b_adj,44.000,2014.000,2024.000,30995.561,-15.349,0.020,0.121
West,Gochang,TP_b_adj,44.000,2014.000,2024.000,5598.880,-2.773,0.230,0.034
West,Gochang,pH_b_adj,44.000,2014.000,2024.000,14.954,-0.007,0.283,0.027
West,Gochang,salinity_b_adj,44.000,2014.000,2024.000,117.162,-0.058,0.012,0.142
West,Gochang,temp_b_adj,44.000,2014.000,2024.000,-347.578,0.172,0.678,0.004
West,Gohung,COD_b_adj,44.000,2014.000,2024.000,-136.228,0.067,0.000,0.272
West,Gohung,Chla_b_adj,44.000,2014.000,2024.000,42.360,-0.021,0.639,0.005
West,Gohung,DIN_b_adj,44.000,2014.000,2024.000,-5105.215,2.528,0.083,0.070
West,Gohung,DIP_b_adj,44.000,2014.000,2024.000,-738.509,0.366,0.091,0.067
West,Gohung,DO_b_adj,44.000,2014.000,2024.000,80.948,-0.040,0.508,0.011
West,Gohung,NH3-N_b_adj,44.000,2014.000,2024.000,-1044.622,0.517,0.109,0.060
West,Gohung,NO2-_b_adj,44.000,2014.000,2024.000,-1012.714,0.501,0.264,0.030
West,Gohung,NO3-_b_adj,44.000,2014.000,2024.000,-3440.795,1.704,0.125,0.055
West,Gohung,SAS_b_adj,44.000,2014.000,2024.000,-19075.649,9.446,0.095,0.065
West,Gohung,SS_b_adj,44.000,2014.000,2024.000,-1752.233,0.868,0.231,0.034
West,Gohung,TN_b_adj,44.000,2014.000,2024.000,16041.996,-7.944,0.004,0.182
West,Gohung,TP_b_adj,44.000,2014.000,2024.000,-1096.273,0.543,0.128,0.054
West,Gohung,pH_b_adj,44.000,2014.000,2024.000,33.060,-0.016,0.001,0.226
West,Gohung,salinity_b_adj,44.000,2014.000,2024.000,87.689,-0.043,0.237,0.033
West,Gohung,temp_b_adj,44.000,2014.000,2024.000,-271.142,0.134,0.646,0.005
West,Jindo,COD_b_adj,44.000,2014.000,2024.000,-133.974,0.066,0.003,0.192
West,Jindo,Chla_b_adj,44.000,2014.000,2024.000,160.731,-0.080,0.077,0.073
West,Jindo,DIN_b_adj,44.000,2014.000,2024.000,-6003.869,2.973,0.104,0.062
West,Jindo,DIP_b_adj,44.000,2014.000,2024.000,-851.496,0.422,0.097,0.064
West,Jindo,DO_b_adj,44.000,2014.000,2024.000,243.383,-0.121,0.054,0.086
West,Jindo,NH3-N_b_adj,44.000,2014.000,2024.000,-1662.699,0.823,0.014,0.135
West,Jindo,NO2-_b_adj,44.000,2014.000,2024.000,-19.157,0.009,0.946,0.000
West,Jindo,NO3-_b_adj,44.000,2014.000,2024.000,-4859.360,2.406,0.179,0.043
West,Jindo,SAS_b_adj,44.000,2014.000,2024.000,6013.934,-2.978,0.567,0.008
West,Jindo,SS_b_adj,44.000,2014.000,2024.000,4411.336,-2.185,0.063,0.080
West,Jindo,TN_b_adj,44.000,2014.000,2024.000,14333.399,-7.098,0.004,0.178
West,Jindo,TP_b_adj,44.000,2014.000,2024.000,2000.211,-0.991,0.102,0.062
West,Jindo,pH_b_adj,44.000,2014.000,2024.000,-1.204,0.001,0.894,0.000
West,Jindo,salinity_b_adj,44.000,2014.000,2024.000,83.669,-0.041,0.167,0.045
West,Jindo,temp_b_adj,44.000,2014.000,2024.000,-510.960,0.253,0.347,0.021
West,Muan,COD_b_adj,44.000,2014.000,2024.000,-139.898,0.069,0.007,0.162
West,Muan,Chla_b_adj,44.000,2014.000,2024.000,-98.802,0.049,0.601,0.007
West,Muan,DIN_b_adj,44.000,2014.000,2024.000,-3561.864,1.764,0.483,0.012
West,Muan,DIP_b_adj,44.000,2014.000,2024.000,-878.052,0.435,0.105,0.061
West,Muan,DO_b_adj,44.000,2014.000,2024.000,-55.266,0.027,0.737,0.003
West,Muan,NH3-N_b_adj,44.000,2014.000,2024.000,823.190,-0.408,0.375,0.019
West,Muan,NO2-_b_adj,44.000,2014.000,2024.000,-654.968,0.324,0.685,0.004
West,Muan,NO3-_b_adj,44.000,2014.000,2024.000,-4243.911,2.102,0.380,0.018
West,Muan,SAS_b_adj,44.000,2014.000,2024.000,-4245.677,2.102,0.708,0.003
West,Muan,SS_b_adj,44.000,2014.000,2024.000,-5587.843,2.767,0.167,0.045
West,Muan,TN_b_adj,44.000,2014.000,2024.000,25841.286,-12.797,0.006,0.168
West,Muan,TP_b_adj,44.000,2014.000,2024.000,2229.603,-1.104,0.090,0.067
West,Muan,pH_b_adj,44.000,2014.000,2024.000,-23.963,0.012,0.016,0.130
West,Muan,salinity_b_adj,44.000,2014.000,2024.000,131.457,-0.065,0.183,0.042
West,Muan,temp_b_adj,44.000,2014.000,2024.000,-41.326,0.020,0.957,0.000
West,Seosan,COD_b_adj,44.000,2014.000,2024.000,-108.528,0.054,0.006,0.166
West,Seosan,Chla_b_adj,44.000,2014.000,2024.000,-197.401,0.098,0.267,0.029
West,Seosan,DIN_b_adj,44.000,2014.000,2024.000,7354.468,-3.642,0.224,0.035
West,Seosan,DIP_b_adj,44.000,2014.000,2024.000,498.999,-0.247,0.574,0.008
West,Seosan,DO_b_adj,44.000,2014.000,2024.000,54.603,-0.027,0.682,0.004
West,Seosan,NH3-N_b_adj,44.000,2014.000,2024.000,-42.550,0.021,0.973,0.000
West,Seosan,NO2-_b_adj,44.000,2014.000,2024.000,916.950,-0.454,0.092,0.066
West,Seosan,NO3-_b_adj,44.000,2014.000,2024.000,6480.607,-3.209,0.290,0.027
West,Seosan,SAS_b_adj,44.000,2014.000,2024.000,6571.739,-3.254,0.631,0.006
West,Seosan,SS_b_adj,44.000,2014.000,2024.000,556.187,-0.275,0.737,0.003
West,Seosan,TN_b_adj,44.000,2014.000,2024.000,32041.648,-15.867,0.000,0.341
West,Seosan,TP_b_adj,44.000,2014.000,2024.000,2177.342,-1.078,0.026,0.112
West,Seosan,pH_b_adj,44.000,2014.000,2024.000,-0.305,0.000,0.973,0.000
West,Seosan,salinity_b_adj,44.000,2014.000,2024.000,135.246,-0.067,0.000,0.304
West,Seosan,temp_b_adj,44.000,2014.000,2024.000,-780.389,0.386,0.243,0.032
West,Shinan,COD_b_adj,44.000,2014.000,2024.000,-150.480,0.075,0.002,0.205
West,Shinan,Chla_b_adj,44.000,2014.000,2024.000,-47.599,0.024,0.759,0.002
West,Shinan,DIN_b_adj,44.000,2014.000,2024.000,-3701.573,1.833,0.577,0.007
West,Shinan,DIP_b_adj,44.000,2014.000,2024.000,-699.786,0.347,0.274,0.028
West,Shinan,DO_b_adj,44.000,2014.000,2024.000,56.064,-0.028,0.689,0.004
West,Shinan,NH3-N_b_adj,44.000,2014.000,2024.000,-961.425,0.476,0.181,0.042
West,Shinan,NO2-_b_adj,44.000,2014.000,2024.000,8.687,-0.004,0.990,0.000
West,Shinan,NO3-_b_adj,44.000,2014.000,2024.000,-2749.677,1.362,0.660,0.005
West,Shinan,SAS_b_adj,44.000,2014.000,2024.000,-2161.315,1.070,0.869,0.001
West,Shinan,SS_b_adj,44.000,2014.000,2024.000,-5073.650,2.512,0.104,0.062
West,Shinan,TN_b_adj,44.000,2014.000,2024.000,8141.174,-4.032,0.259,0.030
West,Shinan,TP_b_adj,44.000,2014.000,2024.000,-1349.673,0.668,0.377,0.019
West,Shinan,pH_b_adj,44.000,2014.000,2024.000,1.173,-0.001,0.897,0.000
West,Shinan,salinity_b_adj,44.000,2014.000,2024.000,152.580,-0.076,0.077,0.073
West,Shinan,temp_b_adj,44.000,2014.000,2024.000,-405.818,0.201,0.547,0.009
West,Taean,COD_b_adj,44.000,2014.000,2024.000,-79.505,0.039,0.083,0.070
West,Taean,Chla_b_adj,44.000,2014.000,2024.000,-320.301,0.159,0.128,0.054
West,Taean,DIN_b_adj,44.000,2014.000,2024.000,2537.711,-1.257,0.633,0.005
West,Taean,DIP_b_adj,44.000,2014.000,2024.000,620.665,-0.307,0.408,0.016
West,Taean,DO_b_adj,44.000,2014.000,2024.000,-10.661,0.005,0.944,0.000
West,Taean,NH3-N_b_adj,44.000,2014.000,2024.000,300.910,-0.149,0.770,0.002
West,Taean,NO2-_b_adj,44.000,2014.000,2024.000,290.313,-0.144,0.389,0.018
West,Taean,NO3-_b_adj,44.000,2014.000,2024.000,2263.517,-1.121,0.676,0.004
West,Taean,SAS_b_adj,44.000,2014.000,2024.000,-5279.898,2.615,0.712,0.003
West,Taean,SS_b_adj,44.000,2014.000,2024.000,-673.826,0.334,0.466,0.013
West,Taean,TN_b_adj,44.000,2014.000,2024.000,22674.527,-11.228,0.000,0.287
West,Taean,TP_b_adj,44.000,2014.000,2024.000,575.327,-0.285,0.469,0.013
West,Taean,pH_b_adj,44.000,2014.000,2024.000,7.445,-0.004,0.454,0.013
West,Taean,salinity_b_adj,44.000,2014.000,2024.000,111.988,-0.055,0.008,0.157
West,Taean,temp_b_adj,44.000,2014.000,2024.000,-401.019,0.199,0.544,0.009
West,Wando,COD_b_adj,44.000,2014.000,2024.000,-203.518,0.101,0.000,0.365
West,Wando,Chla_b_adj,44.000,2014.000,2024.000,130.334,-0.065,0.036,0.101
West,Wando,DIN_b_adj,44.000,2014.000,2024.000,-6386.849,3.163,0.103,0.062
West,Wando,DIP_b_adj,44.000,2014.000,2024.000,-984.306,0.487,0.097,0.064
West,Wando,DO_b_adj,44.000,2014.000,2024.000,-126.866,0.063,0.279,0.028
West,Wando,NH3-N_b_adj,44.000,2014.000,2024.000,-1705.605,0.845,0.094,0.065
West,Wando,NO2-_b_adj,44.000,2014.000,2024.000,-9.698,0.005,0.985,0.000
West,Wando,NO3-_b_adj,44.000,2014.000,2024.000,-5670.815,2.808,0.107,0.061
West,Wando,SAS_b_adj,44.000,2014.000,2024.000,-10620.723,5.259,0.262,0.030
West,Wando,SS_b_adj,44.000,2014.000,2024.000,2804.194,-1.389,0.150,0.049
West,Wando,TN_b_adj,44.000,2014.000,2024.000,13372.238,-6.622,0.005,0.174
West,Wando,TP_b_adj,44.000,2014.000,2024.000,-601.294,0.298,0.648,0.005
West,Wando,pH_b_adj,44.000,2014.000,2024.000,-7.700,0.004,0.404,0.017
West,Wando,salinity_b_adj,44.000,2014.000,2024.000,57.157,-0.028,0.407,0.016
West,Wando,temp_b_adj,44.000,2014.000,2024.000,-359.721,0.178,0.480,0.012
