stid,region,admin,variable,n,start_year,end_year,intercept,slope,p_value,r^2
CC2205,West,Seosan,COD_b_adj,44.000,2014.000,2024.000,-108.528,0.054,0.006,0.166
CC2205,West,Seosan,Chla_b_adj,44.000,2014.000,2024.000,-197.401,0.098,0.267,0.029
CC2205,West,Seosan,DIN_b_adj,44.000,2014.000,2024.000,7354.468,-3.642,0.224,0.035
CC2205,West,Seosan,DIP_b_adj,44.000,2014.000,2024.000,498.999,-0.247,0.574,0.008
CC2205,West,Seosan,DO_b_adj,44.000,2014.000,2024.000,54.603,-0.027,0.682,0.004
CC2205,West,Seosan,NH3-N_b_adj,44.000,2014.000,2024.000,-42.550,0.021,0.973,0.000
CC2205,West,Seosan,NO2-_b_adj,44.000,2014.000,2024.000,916.950,-0.454,0.092,0.066
CC2205,West,Seosan,NO3-_b_adj,44.000,2014.000,2024.000,6480.607,-3.209,0.290,0.027
CC2205,West,Seosan,SAS_b_adj,44.000,2014.000,2024.000,6571.739,-3.254,0.631,0.006
CC2205,West,Seosan,SS_b_adj,44.000,2014.000,2024.000,556.187,-0.275,0.737,0.003
CC2205,West,Seosan,TN_b_adj,44.000,2014.000,2024.000,32041.648,-15.867,0.000,0.341
CC2205,West,Seosan,TP_b_adj,44.000,2014.000,2024.000,2177.342,-1.078,0.026,0.112
CC2205,West,Seosan,pH_b_adj,44.000,2014.000,2024.000,-0.305,0.000,0.973,0.000
CC2205,West,Seosan,salinity_b_adj,44.000,2014.000,2024.000,135.246,-0.067,0.000,0.304
CC2205,West,Seosan,temp_b_adj,44.000,2014.000,2024.000,-780.389,0.386,0.243,0.032
CC2209,West,Taean,COD_b_adj,44.000,2014.000,2024.000,-75.425,0.037,0.138,0.052
CC2209,West,Taean,Chla_b_adj,44.000,2014.000,2024.000,-191.627,0.095,0.241,0.033
CC2209,West,Taean,DIN_b_adj,44.000,2014.000,2024.000,2592.633,-1.284,0.653,0.005
CC2209,West,Taean,DIP_b_adj,44.000,2014.000,2024.000,167.318,-0.083,0.819,0.001
CC2209,West,Taean,DO_b_adj,44.000,2014.000,2024.000,53.598,-0.027,0.716,0.003
CC2209,West,Taean,NH3-N_b_adj,44.000,2014.000,2024.000,-66.046,0.033,0.902,0.000
CC2209,West,Taean,NO2-_b_adj,44.000,2014.000,2024.000,404.037,-0.200,0.317,0.024
CC2209,West,Taean,NO3-_b_adj,44.000,2014.000,2024.000,2254.190,-1.116,0.710,0.003
CC2209,West,Taean,SAS_b_adj,44.000,2014.000,2024.000,630.307,-0.312,0.958,0.000
CC2209,West,Taean,SS_b_adj,44.000,2014.000,2024.000,-776.794,0.385,0.443,0.014
CC2209,West,Taean,TN_b_adj,44.000,2014.000,2024.000,21821.497,-10.806,0.002,0.208
CC2209,West,Taean,TP_b_adj,44.000,2014.000,2024.000,610.271,-0.302,0.519,0.010
CC2209,West,Taean,pH_b_adj,44.000,2014.000,2024.000,7.448,-0.004,0.454,0.013
CC2209,West,Taean,salinity_b_adj,44.000,2014.000,2024.000,107.990,-0.053,0.002,0.214
CC2209,West,Taean,temp_b_adj,44.000,2014.000,2024.000,-399.598,0.198,0.539,0.009
CC2210,West,Taean,COD_b_adj,44.000,2014.000,2024.000,-83.512,0.041,0.135,0.053
CC2210,West,Taean,Chla_b_adj,44.000,2014.000,2024.000,-400.315,0.198,0.135,0.052
CC2210,West,Taean,DIN_b_adj,44.000,2014.000,2024.000,2463.657,-1.220,0.698,0.004
CC2210,West,Taean,DIP_b_adj,44.000,2014.000,2024.000,653.475,-0.324,0.394,0.017
CC2210,West,Taean,DO_b_adj,44.000,2014.000,2024.000,-64.896,0.032,0.692,0.004
CC2210,West,Taean,NH3-N_b_adj,44.000,2014.000,2024.000,357.624,-0.177,0.755,0.002
CC2210,West,Taean,NO2-_b_adj,44.000,2014.000,2024.000,-166.095,0.082,0.619,0.006
CC2210,West,Taean,NO3-_b_adj,44.000,2014.000,2024.000,2272.426,-1.125,0.704,0.003
CC2210,West,Taean,SAS_b_adj,44.000,2014.000,2024.000,-5396.975,2.673,0.709,0.003
CC2210,West,Taean,SS_b_adj,44.000,2014.000,2024.000,149.514,-0.074,0.787,0.002
CC2210,West,Taean,TN_b_adj,44.000,2014.000,2024.000,23403.907,-11.590,0.001,0.243
CC2210,West,Taean,TP_b_adj,44.000,2014.000,2024.000,541.531,-0.268,0.511,0.010
CC2210,West,Taean,pH_b_adj,44.000,2014.000,2024.000,0.188,-0.000,0.988,0.000
CC2210,West,Taean,salinity_b_adj,44.000,2014.000,2024.000,125.190,-0.062,0.095,0.065
CC2210,West,Taean,temp_b_adj,44.000,2014.000,2024.000,-402.667,0.199,0.568,0.008
CE2519,East,Samchuk,COD_b_adj,44.000,2014.000,2024.000,-135.441,0.067,0.014,0.135
CE2519,East,Samchuk,Chla_b_adj,44.000,2014.000,2024.000,-82.316,0.041,0.507,0.011
CE2519,East,Samchuk,DIN_b_adj,44.000,2014.000,2024.000,-10404.178,5.152,0.033,0.104
CE2519,East,Samchuk,DIP_b_adj,44.000,2014.000,2024.000,-1147.435,0.568,0.132,0.053
CE2519,East,Samchuk,DO_b_adj,44.000,2014.000,2024.000,158.248,-0.078,0.116,0.058
CE2519,East,Samchuk,NH3-N_b_adj,44.000,2014.000,2024.000,-550.125,0.272,0.310,0.025
CE2519,East,Samchuk,NO2-_b_adj,44.000,2014.000,2024.000,-108.495,0.054,0.542,0.009
CE2519,East,Samchuk,NO3-_b_adj,44.000,2014.000,2024.000,-9743.839,4.825,0.041,0.096
CE2519,East,Samchuk,SAS_b_adj,44.000,2014.000,2024.000,-21809.491,10.800,0.065,0.079
CE2519,East,Samchuk,SS_b_adj,44.000,2014.000,2024.000,0.539,-0.000,0.999,0.000
CE2519,East,Samchuk,TN_b_adj,44.000,2014.000,2024.000,4951.494,-2.452,0.298,0.026
CE2519,East,Samchuk,TP_b_adj,44.000,2014.000,2024.000,-1472.442,0.729,0.053,0.086
CE2519,East,Samchuk,pH_b_adj,44.000,2014.000,2024.000,8.518,-0.004,0.301,0.025
CE2519,East,Samchuk,salinity_b_adj,44.000,2014.000,2024.000,-16.030,0.008,0.747,0.003
CE2519,East,Samchuk,temp_b_adj,44.000,2014.000,2024.000,118.437,-0.059,0.780,0.002
CE2522,East,Donghae,COD_b_adj,44.000,2014.000,2024.000,-167.680,0.083,0.001,0.251
CE2522,East,Donghae,Chla_b_adj,44.000,2014.000,2024.000,10.546,-0.005,0.859,0.001
CE2522,East,Donghae,DIN_b_adj,44.000,2014.000,2024.000,-8938.945,4.427,0.056,0.084
CE2522,East,Donghae,DIP_b_adj,44.000,2014.000,2024.000,-1218.998,0.604,0.106,0.061
CE2522,East,Donghae,DO_b_adj,44.000,2014.000,2024.000,177.307,-0.088,0.075,0.073
CE2522,East,Donghae,NH3-N_b_adj,44.000,2014.000,2024.000,-146.770,0.073,0.771,0.002
CE2522,East,Donghae,NO2-_b_adj,44.000,2014.000,2024.000,-218.910,0.108,0.216,0.036
CE2522,East,Donghae,NO3-_b_adj,44.000,2014.000,2024.000,-8568.146,4.243,0.066,0.078
CE2522,East,Donghae,SAS_b_adj,44.000,2014.000,2024.000,-18287.144,9.056,0.098,0.064
CE2522,East,Donghae,SS_b_adj,44.000,2014.000,2024.000,-513.939,0.255,0.082,0.070
CE2522,East,Donghae,TN_b_adj,44.000,2014.000,2024.000,14040.709,-6.953,0.006,0.169
CE2522,East,Donghae,TP_b_adj,44.000,2014.000,2024.000,-1419.453,0.703,0.041,0.096
CE2522,East,Donghae,pH_b_adj,44.000,2014.000,2024.000,11.286,-0.006,0.245,0.032
CE2522,East,Donghae,salinity_b_adj,44.000,2014.000,2024.000,20.434,-0.010,0.539,0.009
CE2522,East,Donghae,temp_b_adj,44.000,2014.000,2024.000,-528.614,0.262,0.184,0.042
CE2527,East,Gangneung,COD_b_adj,44.000,2014.000,2024.000,-110.692,0.055,0.029,0.109
CE2527,East,Gangneung,Chla_b_adj,44.000,2014.000,2024.000,11.120,-0.006,0.929,0.000
CE2527,East,Gangneung,DIN_b_adj,44.000,2014.000,2024.000,-9696.109,4.802,0.029,0.108
CE2527,East,Gangneung,DIP_b_adj,44.000,2014.000,2024.000,-1109.554,0.549,0.125,0.055
CE2527,East,Gangneung,DO_b_adj,44.000,2014.000,2024.000,107.954,-0.053,0.228,0.034
CE2527,East,Gangneung,NH3-N_b_adj,44.000,2014.000,2024.000,-726.523,0.360,0.126,0.055
CE2527,East,Gangneung,NO2-_b_adj,44.000,2014.000,2024.000,-343.492,0.170,0.075,0.074
CE2527,East,Gangneung,NO3-_b_adj,44.000,2014.000,2024.000,-8617.894,4.268,0.043,0.094
CE2527,East,Gangneung,SAS_b_adj,44.000,2014.000,2024.000,-19817.885,9.814,0.056,0.084
CE2527,East,Gangneung,SS_b_adj,44.000,2014.000,2024.000,-662.991,0.328,0.093,0.066
CE2527,East,Gangneung,TN_b_adj,44.000,2014.000,2024.000,13174.734,-6.524,0.008,0.157
CE2527,East,Gangneung,TP_b_adj,44.000,2014.000,2024.000,-1228.003,0.608,0.100,0.063
CE2527,East,Gangneung,pH_b_adj,44.000,2014.000,2024.000,5.714,-0.003,0.490,0.011
CE2527,East,Gangneung,salinity_b_adj,44.000,2014.000,2024.000,8.150,-0.004,0.812,0.001
CE2527,East,Gangneung,temp_b_adj,44.000,2014.000,2024.000,101.106,-0.050,0.814,0.001
CE2529,East,Gangneung,COD_b_adj,44.000,2014.000,2024.000,-169.335,0.084,0.004,0.182
CE2529,East,Gangneung,Chla_b_adj,44.000,2014.000,2024.000,47.103,-0.023,0.643,0.005
CE2529,East,Gangneung,DIN_b_adj,44.000,2014.000,2024.000,-12087.994,5.986,0.011,0.143
CE2529,East,Gangneung,DIP_b_adj,44.000,2014.000,2024.000,-1562.351,0.774,0.038,0.098
CE2529,East,Gangneung,DO_b_adj,44.000,2014.000,2024.000,237.601,-0.118,0.037,0.100
CE2529,East,Gangneung,NH3-N_b_adj,44.000,2014.000,2024.000,-721.112,0.357,0.490,0.011
CE2529,East,Gangneung,NO2-_b_adj,44.000,2014.000,2024.000,-510.144,0.253,0.030,0.108
CE2529,East,Gangneung,NO3-_b_adj,44.000,2014.000,2024.000,-10855.939,5.376,0.017,0.129
CE2529,East,Gangneung,SAS_b_adj,44.000,2014.000,2024.000,-22506.036,11.145,0.035,0.102
CE2529,East,Gangneung,SS_b_adj,44.000,2014.000,2024.000,-543.703,0.269,0.092,0.066
CE2529,East,Gangneung,TN_b_adj,44.000,2014.000,2024.000,7464.464,-3.696,0.131,0.053
CE2529,East,Gangneung,TP_b_adj,44.000,2014.000,2024.000,-1734.036,0.859,0.020,0.123
CE2529,East,Gangneung,pH_b_adj,44.000,2014.000,2024.000,9.271,-0.005,0.291,0.027
CE2529,East,Gangneung,salinity_b_adj,44.000,2014.000,2024.000,16.971,-0.008,0.629,0.006
CE2529,East,Gangneung,temp_b_adj,44.000,2014.000,2024.000,-261.262,0.129,0.560,0.008
CE2533,East,Gangneung,COD_b_adj,44.000,2014.000,2024.000,-179.788,0.089,0.007,0.163
CE2533,East,Gangneung,Chla_b_adj,44.000,2014.000,2024.000,1.600,-0.001,0.989,0.000
CE2533,East,Gangneung,DIN_b_adj,44.000,2014.000,2024.000,-2851.377,1.412,0.445,0.014
CE2533,East,Gangneung,DIP_b_adj,44.000,2014.000,2024.000,-98.269,0.049,0.856,0.001
CE2533,East,Gangneung,DO_b_adj,44.000,2014.000,2024.000,111.786,-0.055,0.242,0.032
CE2533,East,Gangneung,NH3-N_b_adj,44.000,2014.000,2024.000,-524.786,0.260,0.382,0.018
CE2533,East,Gangneung,NO2-_b_adj,44.000,2014.000,2024.000,-73.693,0.036,0.627,0.006
CE2533,East,Gangneung,NO3-_b_adj,44.000,2014.000,2024.000,-2254.675,1.117,0.516,0.010
CE2533,East,Gangneung,SAS_b_adj,44.000,2014.000,2024.000,-5438.894,2.693,0.585,0.007
CE2533,East,Gangneung,SS_b_adj,44.000,2014.000,2024.000,-691.630,0.342,0.216,0.036
CE2533,East,Gangneung,TN_b_adj,44.000,2014.000,2024.000,8486.316,-4.202,0.047,0.090
CE2533,East,Gangneung,TP_b_adj,44.000,2014.000,2024.000,-19.047,0.009,0.972,0.000
CE2533,East,Gangneung,pH_b_adj,44.000,2014.000,2024.000,3.090,-0.002,0.693,0.004
CE2533,East,Gangneung,salinity_b_adj,44.000,2014.000,2024.000,44.026,-0.022,0.410,0.016
CE2533,East,Gangneung,temp_b_adj,44.000,2014.000,2024.000,-410.532,0.203,0.411,0.016
CE2534,East,Gangneung,COD_b_adj,44.000,2014.000,2024.000,-94.674,0.047,0.085,0.069
CE2534,East,Gangneung,Chla_b_adj,44.000,2014.000,2024.000,73.206,-0.036,0.492,0.011
CE2534,East,Gangneung,DIN_b_adj,44.000,2014.000,2024.000,-5218.425,2.584,0.173,0.044
CE2534,East,Gangneung,DIP_b_adj,44.000,2014.000,2024.000,-725.301,0.359,0.216,0.036
CE2534,East,Gangneung,DO_b_adj,44.000,2014.000,2024.000,40.499,-0.020,0.714,0.003
CE2534,East,Gangneung,NH3-N_b_adj,44.000,2014.000,2024.000,-594.949,0.295,0.368,0.019
CE2534,East,Gangneung,NO2-_b_adj,44.000,2014.000,2024.000,-137.340,0.068,0.384,0.018
CE2534,East,Gangneung,NO3-_b_adj,44.000,2014.000,2024.000,-4484.297,2.221,0.202,0.038
CE2534,East,Gangneung,SAS_b_adj,44.000,2014.000,2024.000,-9091.549,4.502,0.331,0.023
CE2534,East,Gangneung,SS_b_adj,44.000,2014.000,2024.000,-370.871,0.184,0.350,0.021
CE2534,East,Gangneung,TN_b_adj,44.000,2014.000,2024.000,6414.680,-3.177,0.185,0.041
CE2534,East,Gangneung,TP_b_adj,44.000,2014.000,2024.000,-391.090,0.194,0.534,0.009
CE2534,East,Gangneung,pH_b_adj,44.000,2014.000,2024.000,3.425,-0.002,0.667,0.004
CE2534,East,Gangneung,salinity_b_adj,44.000,2014.000,2024.000,24.845,-0.012,0.552,0.008
CE2534,East,Gangneung,temp_b_adj,44.000,2014.000,2024.000,-153.264,0.076,0.743,0.003
CE2535,East,Gangneung,COD_b_adj,44.000,2014.000,2024.000,-171.301,0.085,0.001,0.237
CE2535,East,Gangneung,Chla_b_adj,44.000,2014.000,2024.000,0.747,-0.000,0.994,0.000
CE2535,East,Gangneung,DIN_b_adj,44.000,2014.000,2024.000,-8121.574,4.022,0.124,0.055
CE2535,East,Gangneung,DIP_b_adj,44.000,2014.000,2024.000,-1271.318,0.630,0.085,0.069
CE2535,East,Gangneung,DO_b_adj,44.000,2014.000,2024.000,150.855,-0.075,0.107,0.061
CE2535,East,Gangneung,NH3-N_b_adj,44.000,2014.000,2024.000,-1335.446,0.661,0.482,0.012
CE2535,East,Gangneung,NO2-_b_adj,44.000,2014.000,2024.000,-168.832,0.084,0.314,0.024
CE2535,East,Gangneung,NO3-_b_adj,44.000,2014.000,2024.000,-6620.204,3.278,0.121,0.056
CE2535,East,Gangneung,SAS_b_adj,44.000,2014.000,2024.000,-12083.540,5.984,0.218,0.036
CE2535,East,Gangneung,SS_b_adj,44.000,2014.000,2024.000,-33.405,0.017,0.944,0.000
CE2535,East,Gangneung,TN_b_adj,44.000,2014.000,2024.000,8533.608,-4.226,0.116,0.058
CE2535,East,Gangneung,TP_b_adj,44.000,2014.000,2024.000,-1384.057,0.685,0.090,0.067
CE2535,East,Gangneung,pH_b_adj,44.000,2014.000,2024.000,4.006,-0.002,0.650,0.005
CE2535,East,Gangneung,salinity_b_adj,44.000,2014.000,2024.000,0.225,-0.000,0.995,0.000
CE2535,East,Gangneung,temp_b_adj,44.000,2014.000,2024.000,-107.525,0.053,0.810,0.001
CE2537,East,Gangneung,COD_b_adj,44.000,2014.000,2024.000,-127.633,0.063,0.034,0.103
CE2537,East,Gangneung,Chla_b_adj,44.000,2014.000,2024.000,52.838,-0.026,0.669,0.004
CE2537,East,Gangneung,DIN_b_adj,44.000,2014.000,2024.000,-10999.166,5.447,0.038,0.099
CE2537,East,Gangneung,DIP_b_adj,44.000,2014.000,2024.000,-1570.858,0.778,0.036,0.101
CE2537,East,Gangneung,DO_b_adj,44.000,2014.000,2024.000,168.068,-0.083,0.093,0.066
CE2537,East,Gangneung,NH3-N_b_adj,44.000,2014.000,2024.000,-1703.087,0.843,0.193,0.040
CE2537,East,Gangneung,NO2-_b_adj,44.000,2014.000,2024.000,-285.142,0.141,0.187,0.041
CE2537,East,Gangneung,NO3-_b_adj,44.000,2014.000,2024.000,-9013.242,4.463,0.052,0.087
CE2537,East,Gangneung,SAS_b_adj,44.000,2014.000,2024.000,-20745.411,10.273,0.051,0.087
CE2537,East,Gangneung,SS_b_adj,44.000,2014.000,2024.000,-191.670,0.095,0.556,0.008
CE2537,East,Gangneung,TN_b_adj,44.000,2014.000,2024.000,2065.303,-1.023,0.699,0.004
CE2537,East,Gangneung,TP_b_adj,44.000,2014.000,2024.000,-1396.915,0.692,0.065,0.079
CE2537,East,Gangneung,pH_b_adj,44.000,2014.000,2024.000,8.403,-0.004,0.259,0.030
CE2537,East,Gangneung,salinity_b_adj,44.000,2014.000,2024.000,18.853,-0.009,0.656,0.005
CE2537,East,Gangneung,temp_b_adj,44.000,2014.000,2024.000,-237.109,0.117,0.603,0.007
CE2543,East,Sokcho,COD_b_adj,44.000,2014.000,2024.000,-199.546,0.099,0.000,0.289
CE2543,East,Sokcho,Chla_b_adj,44.000,2014.000,2024.000,-56.887,0.028,0.539,0.009
CE2543,East,Sokcho,DIN_b_adj,44.000,2014.000,2024.000,-5025.679,2.489,0.311,0.024
CE2543,East,Sokcho,DIP_b_adj,44.000,2014.000,2024.000,-663.273,0.328,0.416,0.016
CE2543,East,Sokcho,DO_b_adj,44.000,2014.000,2024.000,55.963,-0.028,0.596,0.007
CE2543,East,Sokcho,NH3-N_b_adj,44.000,2014.000,2024.000,-1267.755,0.628,0.101,0.063
CE2543,East,Sokcho,NO2-_b_adj,44.000,2014.000,2024.000,-136.939,0.068,0.399,0.017
CE2543,East,Sokcho,NO3-_b_adj,44.000,2014.000,2024.000,-3621.025,1.793,0.440,0.014
CE2543,East,Sokcho,SAS_b_adj,44.000,2014.000,2024.000,-7789.936,3.858,0.487,0.012
CE2543,East,Sokcho,SS_b_adj,44.000,2014.000,2024.000,-441.840,0.219,0.174,0.044
CE2543,East,Sokcho,TN_b_adj,44.000,2014.000,2024.000,12383.522,-6.132,0.018,0.125
CE2543,East,Sokcho,TP_b_adj,44.000,2014.000,2024.000,-618.236,0.306,0.415,0.016
CE2543,East,Sokcho,pH_b_adj,44.000,2014.000,2024.000,2.934,-0.001,0.737,0.003
CE2543,East,Sokcho,salinity_b_adj,44.000,2014.000,2024.000,34.580,-0.017,0.313,0.024
CE2543,East,Sokcho,temp_b_adj,44.000,2014.000,2024.000,-286.761,0.142,0.526,0.010
CE2547,East,Gosung,COD_b_adj,44.000,2014.000,2024.000,-119.207,0.059,0.016,0.130
CE2547,East,Gosung,Chla_b_adj,44.000,2014.000,2024.000,-70.770,0.035,0.434,0.015
CE2547,East,Gosung,DIN_b_adj,44.000,2014.000,2024.000,3340.143,-1.654,0.315,0.024
CE2547,East,Gosung,DIP_b_adj,44.000,2014.000,2024.000,619.055,-0.307,0.270,0.029
CE2547,East,Gosung,DO_b_adj,44.000,2014.000,2024.000,9.646,-0.005,0.929,0.000
CE2547,East,Gosung,NH3-N_b_adj,44.000,2014.000,2024.000,430.228,-0.213,0.484,0.012
CE2547,East,Gosung,NO2-_b_adj,44.000,2014.000,2024.000,77.602,-0.038,0.596,0.007
CE2547,East,Gosung,NO3-_b_adj,44.000,2014.000,2024.000,2827.706,-1.400,0.367,0.019
CE2547,East,Gosung,SAS_b_adj,44.000,2014.000,2024.000,9820.109,-4.863,0.270,0.029
CE2547,East,Gosung,SS_b_adj,44.000,2014.000,2024.000,728.635,-0.361,0.090,0.067
CE2547,East,Gosung,TN_b_adj,44.000,2014.000,2024.000,7994.471,-3.959,0.028,0.109
CE2547,East,Gosung,TP_b_adj,44.000,2014.000,2024.000,378.302,-0.187,0.515,0.010
CE2547,East,Gosung,pH_b_adj,44.000,2014.000,2024.000,-0.117,0.000,0.988,0.000
CE2547,East,Gosung,salinity_b_adj,44.000,2014.000,2024.000,50.004,-0.025,0.355,0.020
CE2547,East,Gosung,temp_b_adj,44.000,2014.000,2024.000,-404.073,0.200,0.513,0.010
CJ2601,Jeju,Jeju,COD_b_adj,44.000,2014.000,2024.000,-114.115,0.057,0.054,0.086
CJ2601,Jeju,Jeju,Chla_b_adj,44.000,2014.000,2024.000,29.279,-0.014,0.684,0.004
CJ2601,Jeju,Jeju,DIN_b_adj,44.000,2014.000,2024.000,-509.961,0.253,0.882,0.001
CJ2601,Jeju,Jeju,DIP_b_adj,44.000,2014.000,2024.000,234.914,-0.116,0.650,0.005
CJ2601,Jeju,Jeju,DO_b_adj,44.000,2014.000,2024.000,63.965,-0.032,0.537,0.009
CJ2601,Jeju,Jeju,NH3-N_b_adj,44.000,2014.000,2024.000,-71.163,0.035,0.941,0.000
CJ2601,Jeju,Jeju,NO2-_b_adj,44.000,2014.000,2024.000,-250.730,0.124,0.203,0.038
CJ2601,Jeju,Jeju,NO3-_b_adj,44.000,2014.000,2024.000,-53.502,0.026,0.986,0.000
CJ2601,Jeju,Jeju,SAS_b_adj,44.000,2014.000,2024.000,6705.676,-3.321,0.434,0.015
CJ2601,Jeju,Jeju,SS_b_adj,44.000,2014.000,2024.000,-754.632,0.374,0.452,0.014
CJ2601,Jeju,Jeju,TN_b_adj,44.000,2014.000,2024.000,16507.618,-8.175,0.000,0.340
CJ2601,Jeju,Jeju,TP_b_adj,44.000,2014.000,2024.000,-39.401,0.020,0.905,0.000
CJ2601,Jeju,Jeju,pH_b_adj,44.000,2014.000,2024.000,-3.653,0.002,0.846,0.001
CJ2601,Jeju,Jeju,salinity_b_adj,44.000,2014.000,2024.000,112.311,-0.056,0.437,0.014
CJ2601,Jeju,Jeju,temp_b_adj,44.000,2014.000,2024.000,-551.294,0.273,0.197,0.039
CJ2603,Jeju,Jeju,COD_b_adj,44.000,2014.000,2024.000,-102.016,0.051,0.090,0.067
CJ2603,Jeju,Jeju,Chla_b_adj,44.000,2014.000,2024.000,-22.125,0.011,0.769,0.002
CJ2603,Jeju,Jeju,DIN_b_adj,44.000,2014.000,2024.000,693.099,-0.343,0.797,0.002
CJ2603,Jeju,Jeju,DIP_b_adj,44.000,2014.000,2024.000,53.909,-0.027,0.903,0.000
CJ2603,Jeju,Jeju,DO_b_adj,44.000,2014.000,2024.000,-17.005,0.008,0.862,0.001
CJ2603,Jeju,Jeju,NH3-N_b_adj,44.000,2014.000,2024.000,-7.292,0.004,0.996,0.000
CJ2603,Jeju,Jeju,NO2-_b_adj,44.000,2014.000,2024.000,-205.640,0.102,0.273,0.029
CJ2603,Jeju,Jeju,NO3-_b_adj,44.000,2014.000,2024.000,903.238,-0.447,0.748,0.002
CJ2603,Jeju,Jeju,SAS_b_adj,44.000,2014.000,2024.000,3815.106,-1.889,0.551,0.009
CJ2603,Jeju,Jeju,SS_b_adj,44.000,2014.000,2024.000,-1894.988,0.938,0.041,0.095
CJ2603,Jeju,Jeju,TN_b_adj,44.000,2014.000,2024.000,14625.220,-7.242,0.002,0.209
CJ2603,Jeju,Jeju,TP_b_adj,44.000,2014.000,2024.000,-496.599,0.246,0.198,0.039
CJ2603,Jeju,Jeju,pH_b_adj,44.000,2014.000,2024.000,20.019,-0.010,0.142,0.051
CJ2603,Jeju,Jeju,salinity_b_adj,44.000,2014.000,2024.000,142.638,-0.071,0.263,0.030
CJ2603,Jeju,Jeju,temp_b_adj,44.000,2014.000,2024.000,-614.201,0.304,0.116,0.058
CJ2604,Jeju,Gujwa,COD_b_adj,44.000,2014.000,2024.000,-138.083,0.068,0.013,0.139
CJ2604,Jeju,Gujwa,Chla_b_adj,44.000,2014.000,2024.000,26.114,-0.013,0.645,0.005
CJ2604,Jeju,Gujwa,DIN_b_adj,44.000,2014.000,2024.000,-1031.253,0.511,0.710,0.003
CJ2604,Jeju,Gujwa,DIP_b_adj,44.000,2014.000,2024.000,-93.212,0.046,0.832,0.001
CJ2604,Jeju,Gujwa,DO_b_adj,44.000,2014.000,2024.000,105.350,-0.052,0.323,0.023
CJ2604,Jeju,Gujwa,NH3-N_b_adj,44.000,2014.000,2024.000,694.305,-0.344,0.385,0.018
CJ2604,Jeju,Gujwa,NO2-_b_adj,44.000,2014.000,2024.000,-4.175,0.002,0.993,0.000
CJ2604,Jeju,Gujwa,NO3-_b_adj,44.000,2014.000,2024.000,-1724.548,0.854,0.490,0.011
CJ2604,Jeju,Gujwa,SAS_b_adj,44.000,2014.000,2024.000,2252.378,-1.115,0.603,0.006
CJ2604,Jeju,Gujwa,SS_b_adj,44.000,2014.000,2024.000,-648.938,0.321,0.457,0.013
CJ2604,Jeju,Gujwa,TN_b_adj,44.000,2014.000,2024.000,13131.039,-6.503,0.001,0.243
CJ2604,Jeju,Gujwa,TP_b_adj,44.000,2014.000,2024.000,-564.164,0.279,0.121,0.056
CJ2604,Jeju,Gujwa,pH_b_adj,44.000,2014.000,2024.000,10.913,-0.005,0.352,0.021
CJ2604,Jeju,Gujwa,salinity_b_adj,44.000,2014.000,2024.000,56.677,-0.028,0.633,0.005
CJ2604,Jeju,Gujwa,temp_b_adj,44.000,2014.000,2024.000,-482.934,0.239,0.206,0.038
CJ2607,Jeju,Sungsanpo,COD_b_adj,44.000,2014.000,2024.000,-94.510,0.047,0.175,0.043
CJ2607,Jeju,Sungsanpo,Chla_b_adj,44.000,2014.000,2024.000,20.212,-0.010,0.673,0.004
CJ2607,Jeju,Sungsanpo,DIN_b_adj,44.000,2014.000,2024.000,2146.926,-1.063,0.365,0.020
CJ2607,Jeju,Sungsanpo,DIP_b_adj,44.000,2014.000,2024.000,263.666,-0.131,0.534,0.009
CJ2607,Jeju,Sungsanpo,DO_b_adj,44.000,2014.000,2024.000,-7.678,0.004,0.932,0.000
CJ2607,Jeju,Sungsanpo,NH3-N_b_adj,44.000,2014.000,2024.000,504.007,-0.250,0.503,0.011
CJ2607,Jeju,Sungsanpo,NO2-_b_adj,44.000,2014.000,2024.000,-44.697,0.022,0.769,0.002
CJ2607,Jeju,Sungsanpo,NO3-_b_adj,44.000,2014.000,2024.000,1688.660,-0.836,0.440,0.014
CJ2607,Jeju,Sungsanpo,SAS_b_adj,44.000,2014.000,2024.000,10573.280,-5.236,0.032,0.105
CJ2607,Jeju,Sungsanpo,SS_b_adj,44.000,2014.000,2024.000,-2564.498,1.270,0.001,0.241
CJ2607,Jeju,Sungsanpo,TN_b_adj,44.000,2014.000,2024.000,17376.659,-8.605,0.000,0.330
CJ2607,Jeju,Sungsanpo,TP_b_adj,44.000,2014.000,2024.000,-399.182,0.198,0.267,0.029
CJ2607,Jeju,Sungsanpo,pH_b_adj,44.000,2014.000,2024.000,-0.638,0.000,0.963,0.000
CJ2607,Jeju,Sungsanpo,salinity_b_adj,44.000,2014.000,2024.000,71.166,-0.035,0.468,0.013
CJ2607,Jeju,Sungsanpo,temp_b_adj,44.000,2014.000,2024.000,-556.969,0.276,0.109,0.060
CJ2614,Jeju,Daejung,COD_b_adj,44.000,2014.000,2024.000,-101.341,0.050,0.132,0.053
CJ2614,Jeju,Daejung,Chla_b_adj,44.000,2014.000,2024.000,35.523,-0.018,0.572,0.008
CJ2614,Jeju,Daejung,DIN_b_adj,44.000,2014.000,2024.000,1909.708,-0.946,0.484,0.012
CJ2614,Jeju,Daejung,DIP_b_adj,44.000,2014.000,2024.000,206.809,-0.102,0.613,0.006
CJ2614,Jeju,Daejung,DO_b_adj,44.000,2014.000,2024.000,3.516,-0.002,0.970,0.000
CJ2614,Jeju,Daejung,NH3-N_b_adj,44.000,2014.000,2024.000,-295.339,0.146,0.845,0.001
CJ2614,Jeju,Daejung,NO2-_b_adj,44.000,2014.000,2024.000,-13.138,0.007,0.917,0.000
CJ2614,Jeju,Daejung,NO3-_b_adj,44.000,2014.000,2024.000,2220.680,-1.100,0.297,0.026
CJ2614,Jeju,Daejung,SAS_b_adj,44.000,2014.000,2024.000,5322.096,-2.636,0.315,0.024
CJ2614,Jeju,Daejung,SS_b_adj,44.000,2014.000,2024.000,-2408.353,1.193,0.034,0.103
CJ2614,Jeju,Daejung,TN_b_adj,44.000,2014.000,2024.000,10817.694,-5.357,0.048,0.090
CJ2614,Jeju,Daejung,TP_b_adj,44.000,2014.000,2024.000,-160.701,0.080,0.643,0.005
CJ2614,Jeju,Daejung,pH_b_adj,44.000,2014.000,2024.000,7.072,-0.004,0.553,0.008
CJ2614,Jeju,Daejung,salinity_b_adj,44.000,2014.000,2024.000,66.078,-0.033,0.514,0.010
CJ2614,Jeju,Daejung,temp_b_adj,44.000,2014.000,2024.000,-462.663,0.229,0.210,0.037
CJ2617,Jeju,Hallim,COD_b_adj,44.000,2014.000,2024.000,-88.017,0.044,0.130,0.054
CJ2617,Jeju,Hallim,Chla_b_adj,44.000,2014.000,2024.000,21.377,-0.011,0.718,0.003
CJ2617,Jeju,Hallim,DIN_b_adj,44.000,2014.000,2024.000,696.152,-0.345,0.776,0.002
CJ2617,Jeju,Hallim,DIP_b_adj,44.000,2014.000,2024.000,-236.070,0.117,0.568,0.008
CJ2617,Jeju,Hallim,DO_b_adj,44.000,2014.000,2024.000,56.111,-0.028,0.571,0.008
CJ2617,Jeju,Hallim,NH3-N_b_adj,44.000,2014.000,2024.000,0.238,-0.000,1.000,0.000
CJ2617,Jeju,Hallim,NO2-_b_adj,44.000,2014.000,2024.000,-69.399,0.034,0.630,0.006
CJ2617,Jeju,Hallim,NO3-_b_adj,44.000,2014.000,2024.000,768.012,-0.380,0.742,0.003
CJ2617,Jeju,Hallim,SAS_b_adj,44.000,2014.000,2024.000,122.318,-0.061,0.981,0.000
CJ2617,Jeju,Hallim,SS_b_adj,44.000,2014.000,2024.000,-3182.564,1.576,0.012,0.142
CJ2617,Jeju,Hallim,TN_b_adj,44.000,2014.000,2024.000,17212.632,-8.524,0.000,0.302
CJ2617,Jeju,Hallim,TP_b_adj,44.000,2014.000,2024.000,-584.900,0.290,0.078,0.072
CJ2617,Jeju,Hallim,pH_b_adj,44.000,2014.000,2024.000,14.457,-0.007,0.410,0.016
CJ2617,Jeju,Hallim,salinity_b_adj,44.000,2014.000,2024.000,4.848,-0.002,0.948,0.000
CJ2617,Jeju,Hallim,temp_b_adj,44.000,2014.000,2024.000,-388.101,0.192,0.222,0.035
CK2401,South,Yeosu,COD_b_adj,44.000,2014.000,2024.000,-92.238,0.046,0.115,0.058
CK2401,South,Yeosu,Chla_b_adj,44.000,2014.000,2024.000,257.184,-0.127,0.084,0.070
CK2401,South,Yeosu,DIN_b_adj,44.000,2014.000,2024.000,-2075.541,1.028,0.661,0.005
CK2401,South,Yeosu,DIP_b_adj,44.000,2014.000,2024.000,-806.076,0.399,0.343,0.021
CK2401,South,Yeosu,DO_b_adj,44.000,2014.000,2024.000,-62.903,0.031,0.763,0.002
CK2401,South,Yeosu,NH3-N_b_adj,44.000,2014.000,2024.000,-2749.191,1.361,0.081,0.071
CK2401,South,Yeosu,NO2-_b_adj,44.000,2014.000,2024.000,1359.930,-0.673,0.254,0.031
CK2401,South,Yeosu,NO3-_b_adj,44.000,2014.000,2024.000,-684.645,0.339,0.848,0.001
CK2401,South,Yeosu,SAS_b_adj,44.000,2014.000,2024.000,-3976.946,1.969,0.893,0.000
CK2401,South,Yeosu,SS_b_adj,44.000,2014.000,2024.000,-1173.815,0.581,0.075,0.074
CK2401,South,Yeosu,TN_b_adj,44.000,2014.000,2024.000,22768.151,-11.275,0.003,0.195
CK2401,South,Yeosu,TP_b_adj,44.000,2014.000,2024.000,-764.991,0.379,0.465,0.013
CK2401,South,Yeosu,pH_b_adj,44.000,2014.000,2024.000,22.423,-0.011,0.175,0.043
CK2401,South,Yeosu,salinity_b_adj,44.000,2014.000,2024.000,32.620,-0.016,0.611,0.006
CK2401,South,Yeosu,temp_b_adj,44.000,2014.000,2024.000,-156.472,0.077,0.752,0.002
CK2402,South,Yeosu,COD_b_adj,44.000,2014.000,2024.000,-124.006,0.061,0.271,0.029
CK2402,South,Yeosu,Chla_b_adj,44.000,2014.000,2024.000,1168.033,-0.578,0.182,0.042
CK2402,South,Yeosu,DIN_b_adj,44.000,2014.000,2024.000,-3557.120,1.761,0.448,0.014
CK2402,South,Yeosu,DIP_b_adj,44.000,2014.000,2024.000,-735.218,0.364,0.370,0.019
CK2402,South,Yeosu,DO_b_adj,44.000,2014.000,2024.000,-80.350,0.040,0.618,0.006
CK2402,South,Yeosu,NH3-N_b_adj,44.000,2014.000,2024.000,-2884.823,1.429,0.246,0.032
CK2402,South,Yeosu,NO2-_b_adj,44.000,2014.000,2024.000,780.992,-0.387,0.496,0.011
CK2402,South,Yeosu,NO3-_b_adj,44.000,2014.000,2024.000,-1452.096,0.719,0.625,0.006
CK2402,South,Yeosu,SAS_b_adj,44.000,2014.000,2024.000,-10482.085,5.191,0.636,0.005
CK2402,South,Yeosu,SS_b_adj,44.000,2014.000,2024.000,-718.799,0.356,0.228,0.034
CK2402,South,Yeosu,TN_b_adj,44.000,2014.000,2024.000,17972.511,-8.900,0.014,0.135
CK2402,South,Yeosu,TP_b_adj,44.000,2014.000,2024.000,-1896.230,0.939,0.016,0.130
CK2402,South,Yeosu,pH_b_adj,44.000,2014.000,2024.000,22.790,-0.011,0.073,0.074
CK2402,South,Yeosu,salinity_b_adj,44.000,2014.000,2024.000,26.018,-0.013,0.748,0.002
CK2402,South,Yeosu,temp_b_adj,44.000,2014.000,2024.000,-194.954,0.097,0.718,0.003
CK2403,South,Yeosu,COD_b_adj,44.000,2014.000,2024.000,-128.994,0.064,0.065,0.079
CK2403,South,Yeosu,Chla_b_adj,44.000,2014.000,2024.000,-72.799,0.036,0.615,0.006
CK2403,South,Yeosu,DIN_b_adj,44.000,2014.000,2024.000,-3451.609,1.709,0.482,0.012
CK2403,South,Yeosu,DIP_b_adj,44.000,2014.000,2024.000,-968.087,0.479,0.186,0.041
CK2403,South,Yeosu,DO_b_adj,44.000,2014.000,2024.000,-9.379,0.005,0.956,0.000
CK2403,South,Yeosu,NH3-N_b_adj,44.000,2014.000,2024.000,873.890,-0.433,0.561,0.008
CK2403,South,Yeosu,NO2-_b_adj,44.000,2014.000,2024.000,845.228,-0.419,0.200,0.039
CK2403,South,Yeosu,NO3-_b_adj,44.000,2014.000,2024.000,-5161.646,2.556,0.238,0.033
CK2403,South,Yeosu,SAS_b_adj,44.000,2014.000,2024.000,2885.916,-1.429,0.860,0.001
CK2403,South,Yeosu,SS_b_adj,44.000,2014.000,2024.000,424.048,-0.210,0.354,0.020
CK2403,South,Yeosu,TN_b_adj,44.000,2014.000,2024.000,8122.209,-4.022,0.133,0.053
CK2403,South,Yeosu,TP_b_adj,44.000,2014.000,2024.000,-1195.593,0.592,0.072,0.075
CK2403,South,Yeosu,pH_b_adj,44.000,2014.000,2024.000,18.184,-0.009,0.127,0.054
CK2403,South,Yeosu,salinity_b_adj,44.000,2014.000,2024.000,-23.540,0.012,0.683,0.004
CK2403,South,Yeosu,temp_b_adj,44.000,2014.000,2024.000,65.953,-0.033,0.868,0.001
CK2404,South,Yeosu,COD_b_adj,44.000,2014.000,2024.000,-160.215,0.079,0.004,0.183
CK2404,South,Yeosu,Chla_b_adj,44.000,2014.000,2024.000,235.458,-0.117,0.139,0.051
CK2404,South,Yeosu,DIN_b_adj,44.000,2014.000,2024.000,-1723.884,0.854,0.694,0.004
CK2404,South,Yeosu,DIP_b_adj,44.000,2014.000,2024.000,-504.296,0.250,0.496,0.011
CK2404,South,Yeosu,DO_b_adj,44.000,2014.000,2024.000,36.491,-0.018,0.856,0.001
CK2404,South,Yeosu,NH3-N_b_adj,44.000,2014.000,2024.000,-1140.185,0.565,0.209,0.037
CK2404,South,Yeosu,NO2-_b_adj,44.000,2014.000,2024.000,1274.666,-0.631,0.120,0.057
CK2404,South,Yeosu,NO3-_b_adj,44.000,2014.000,2024.000,-1858.361,0.920,0.663,0.005
CK2404,South,Yeosu,SAS_b_adj,44.000,2014.000,2024.000,-3785.805,1.875,0.891,0.000
CK2404,South,Yeosu,SS_b_adj,44.000,2014.000,2024.000,807.953,-0.400,0.201,0.039
CK2404,South,Yeosu,TN_b_adj,44.000,2014.000,2024.000,11334.296,-5.613,0.037,0.099
CK2404,South,Yeosu,TP_b_adj,44.000,2014.000,2024.000,-567.277,0.281,0.449,0.014
CK2404,South,Yeosu,pH_b_adj,44.000,2014.000,2024.000,23.122,-0.011,0.129,0.054
CK2404,South,Yeosu,salinity_b_adj,44.000,2014.000,2024.000,31.493,-0.016,0.624,0.006
CK2404,South,Yeosu,temp_b_adj,44.000,2014.000,2024.000,-211.161,0.105,0.642,0.005
CK2406,South,Yeosu,COD_b_adj,44.000,2014.000,2024.000,-143.971,0.071,0.010,0.148
CK2406,South,Yeosu,Chla_b_adj,44.000,2014.000,2024.000,-132.801,0.066,0.337,0.022
CK2406,South,Yeosu,DIN_b_adj,44.000,2014.000,2024.000,-1876.876,0.929,0.626,0.006
CK2406,South,Yeosu,DIP_b_adj,44.000,2014.000,2024.000,36.354,-0.018,0.949,0.000
CK2406,South,Yeosu,DO_b_adj,44.000,2014.000,2024.000,239.120,-0.118,0.126,0.055
CK2406,South,Yeosu,NH3-N_b_adj,44.000,2014.000,2024.000,-250.005,0.124,0.674,0.004
CK2406,South,Yeosu,NO2-_b_adj,44.000,2014.000,2024.000,400.067,-0.198,0.599,0.007
CK2406,South,Yeosu,NO3-_b_adj,44.000,2014.000,2024.000,-2030.632,1.006,0.522,0.010
CK2406,South,Yeosu,SAS_b_adj,44.000,2014.000,2024.000,-5826.119,2.885,0.659,0.005
CK2406,South,Yeosu,SS_b_adj,44.000,2014.000,2024.000,-442.171,0.219,0.121,0.056
CK2406,South,Yeosu,TN_b_adj,44.000,2014.000,2024.000,7725.281,-3.826,0.096,0.065
CK2406,South,Yeosu,TP_b_adj,44.000,2014.000,2024.000,-340.120,0.168,0.630,0.006
CK2406,South,Yeosu,pH_b_adj,44.000,2014.000,2024.000,17.363,-0.009,0.079,0.072
CK2406,South,Yeosu,salinity_b_adj,44.000,2014.000,2024.000,20.000,-0.010,0.808,0.001
CK2406,South,Yeosu,temp_b_adj,44.000,2014.000,2024.000,-170.004,0.084,0.747,0.003
CK2409,South,Sacheon,COD_b_adj,44.000,2014.000,2024.000,-221.846,0.110,0.000,0.301
CK2409,South,Sacheon,Chla_b_adj,44.000,2014.000,2024.000,134.581,-0.067,0.179,0.043
CK2409,South,Sacheon,DIN_b_adj,44.000,2014.000,2024.000,-107.016,0.053,0.981,0.000
CK2409,South,Sacheon,DIP_b_adj,44.000,2014.000,2024.000,12.371,-0.006,0.985,0.000
CK2409,South,Sacheon,DO_b_adj,44.000,2014.000,2024.000,100.459,-0.050,0.588,0.007
CK2409,South,Sacheon,NH3-N_b_adj,44.000,2014.000,2024.000,-296.818,0.147,0.874,0.001
CK2409,South,Sacheon,NO2-_b_adj,44.000,2014.000,2024.000,1147.966,-0.568,0.264,0.030
CK2409,South,Sacheon,NO3-_b_adj,44.000,2014.000,2024.000,-962.567,0.477,0.703,0.004
CK2409,South,Sacheon,SAS_b_adj,44.000,2014.000,2024.000,-4860.605,2.407,0.803,0.002
CK2409,South,Sacheon,SS_b_adj,44.000,2014.000,2024.000,-151.913,0.075,0.829,0.001
CK2409,South,Sacheon,TN_b_adj,44.000,2014.000,2024.000,19259.344,-9.537,0.007,0.163
CK2409,South,Sacheon,TP_b_adj,44.000,2014.000,2024.000,16.535,-0.008,0.977,0.000
CK2409,South,Sacheon,pH_b_adj,44.000,2014.000,2024.000,21.765,-0.011,0.151,0.049
CK2409,South,Sacheon,salinity_b_adj,44.000,2014.000,2024.000,42.468,-0.021,0.541,0.009
CK2409,South,Sacheon,temp_b_adj,44.000,2014.000,2024.000,-281.710,0.140,0.619,0.006
CK2410,South,Sacheon,COD_b_adj,44.000,2014.000,2024.000,-149.962,0.074,0.009,0.151
CK2410,South,Sacheon,Chla_b_adj,44.000,2014.000,2024.000,156.639,-0.078,0.282,0.027
CK2410,South,Sacheon,DIN_b_adj,44.000,2014.000,2024.000,56.424,-0.028,0.988,0.000
CK2410,South,Sacheon,DIP_b_adj,44.000,2014.000,2024.000,-111.443,0.055,0.850,0.001
CK2410,South,Sacheon,DO_b_adj,44.000,2014.000,2024.000,173.835,-0.086,0.353,0.021
CK2410,South,Sacheon,NH3-N_b_adj,44.000,2014.000,2024.000,214.951,-0.106,0.869,0.001
CK2410,South,Sacheon,NO2-_b_adj,44.000,2014.000,2024.000,989.935,-0.490,0.279,0.028
CK2410,South,Sacheon,NO3-_b_adj,44.000,2014.000,2024.000,-1140.193,0.565,0.601,0.007
CK2410,South,Sacheon,SAS_b_adj,44.000,2014.000,2024.000,-11847.050,5.867,0.507,0.011
CK2410,South,Sacheon,SS_b_adj,44.000,2014.000,2024.000,-372.309,0.184,0.467,0.013
CK2410,South,Sacheon,TN_b_adj,44.000,2014.000,2024.000,21103.892,-10.451,0.001,0.220
CK2410,South,Sacheon,TP_b_adj,44.000,2014.000,2024.000,205.568,-0.102,0.852,0.001
CK2410,South,Sacheon,pH_b_adj,44.000,2014.000,2024.000,24.489,-0.012,0.095,0.065
CK2410,South,Sacheon,salinity_b_adj,44.000,2014.000,2024.000,16.281,-0.008,0.812,0.001
CK2410,South,Sacheon,temp_b_adj,44.000,2014.000,2024.000,-367.630,0.182,0.503,0.011
CK2411,South,Sacheon,COD_b_adj,44.000,2014.000,2024.000,-147.143,0.073,0.008,0.154
CK2411,South,Sacheon,Chla_b_adj,44.000,2014.000,2024.000,46.352,-0.023,0.713,0.003
CK2411,South,Sacheon,DIN_b_adj,44.000,2014.000,2024.000,-352.701,0.175,0.927,0.000
CK2411,South,Sacheon,DIP_b_adj,44.000,2014.000,2024.000,-85.421,0.042,0.891,0.000
CK2411,South,Sacheon,DO_b_adj,44.000,2014.000,2024.000,102.846,-0.051,0.580,0.007
CK2411,South,Sacheon,NH3-N_b_adj,44.000,2014.000,2024.000,-141.508,0.070,0.917,0.000
CK2411,South,Sacheon,NO2-_b_adj,44.000,2014.000,2024.000,912.232,-0.452,0.306,0.025
CK2411,South,Sacheon,NO3-_b_adj,44.000,2014.000,2024.000,-1125.137,0.557,0.617,0.006
CK2411,South,Sacheon,SAS_b_adj,44.000,2014.000,2024.000,-12493.364,6.187,0.510,0.010
CK2411,South,Sacheon,SS_b_adj,44.000,2014.000,2024.000,15.057,-0.007,0.984,0.000
CK2411,South,Sacheon,TN_b_adj,44.000,2014.000,2024.000,9801.804,-4.854,0.185,0.041
CK2411,South,Sacheon,TP_b_adj,44.000,2014.000,2024.000,-954.847,0.473,0.286,0.027
CK2411,South,Sacheon,pH_b_adj,44.000,2014.000,2024.000,26.409,-0.013,0.085,0.069
CK2411,South,Sacheon,salinity_b_adj,44.000,2014.000,2024.000,65.094,-0.032,0.322,0.023
CK2411,South,Sacheon,temp_b_adj,44.000,2014.000,2024.000,-399.900,0.198,0.478,0.012
CK2412,South,Gosung,COD_b_adj,44.000,2014.000,2024.000,-166.217,0.082,0.002,0.206
CK2412,South,Gosung,Chla_b_adj,44.000,2014.000,2024.000,-14.588,0.007,0.932,0.000
CK2412,South,Gosung,DIN_b_adj,44.000,2014.000,2024.000,-700.296,0.347,0.879,0.001
CK2412,South,Gosung,DIP_b_adj,44.000,2014.000,2024.000,-712.663,0.353,0.382,0.018
CK2412,South,Gosung,DO_b_adj,44.000,2014.000,2024.000,103.817,-0.051,0.519,0.010
CK2412,South,Gosung,NH3-N_b_adj,44.000,2014.000,2024.000,463.322,-0.229,0.845,0.001
CK2412,South,Gosung,NO2-_b_adj,44.000,2014.000,2024.000,-271.803,0.135,0.553,0.008
CK2412,South,Gosung,NO3-_b_adj,44.000,2014.000,2024.000,-893.467,0.442,0.727,0.003
CK2412,South,Gosung,SAS_b_adj,44.000,2014.000,2024.000,-45392.928,22.479,0.081,0.071
CK2412,South,Gosung,SS_b_adj,44.000,2014.000,2024.000,1272.129,-0.630,0.040,0.097
CK2412,South,Gosung,TN_b_adj,44.000,2014.000,2024.000,10523.020,-5.211,0.219,0.036
CK2412,South,Gosung,TP_b_adj,44.000,2014.000,2024.000,-1091.455,0.540,0.259,0.030
CK2412,South,Gosung,pH_b_adj,44.000,2014.000,2024.000,35.152,-0.017,0.045,0.092
CK2412,South,Gosung,salinity_b_adj,44.000,2014.000,2024.000,62.529,-0.031,0.545,0.009
CK2412,South,Gosung,temp_b_adj,44.000,2014.000,2024.000,-364.684,0.181,0.582,0.007
CK2413,South,Gosung,COD_b_adj,44.000,2014.000,2024.000,-123.019,0.061,0.034,0.103
CK2413,South,Gosung,Chla_b_adj,44.000,2014.000,2024.000,-54.098,0.027,0.545,0.009
CK2413,South,Gosung,DIN_b_adj,44.000,2014.000,2024.000,5527.752,-2.737,0.179,0.043
CK2413,South,Gosung,DIP_b_adj,44.000,2014.000,2024.000,252.628,-0.125,0.685,0.004
CK2413,South,Gosung,DO_b_adj,44.000,2014.000,2024.000,71.614,-0.035,0.680,0.004
CK2413,South,Gosung,NH3-N_b_adj,44.000,2014.000,2024.000,1178.616,-0.584,0.518,0.010
CK2413,South,Gosung,NO2-_b_adj,44.000,2014.000,2024.000,1474.806,-0.730,0.074,0.074
CK2413,South,Gosung,NO3-_b_adj,44.000,2014.000,2024.000,2873.742,-1.423,0.229,0.034
CK2413,South,Gosung,SAS_b_adj,44.000,2014.000,2024.000,2703.147,-1.339,0.898,0.000
CK2413,South,Gosung,SS_b_adj,44.000,2014.000,2024.000,207.989,-0.103,0.710,0.003
CK2413,South,Gosung,TN_b_adj,44.000,2014.000,2024.000,20397.780,-10.101,0.002,0.211
CK2413,South,Gosung,TP_b_adj,44.000,2014.000,2024.000,262.057,-0.130,0.674,0.004
CK2413,South,Gosung,pH_b_adj,44.000,2014.000,2024.000,25.304,-0.013,0.152,0.048
CK2413,South,Gosung,salinity_b_adj,44.000,2014.000,2024.000,-13.778,0.007,0.865,0.001
CK2413,South,Gosung,temp_b_adj,44.000,2014.000,2024.000,-408.981,0.203,0.520,0.010
CK2414,South,Gosung,COD_b_adj,44.000,2014.000,2024.000,-116.238,0.058,0.035,0.102
CK2414,South,Gosung,Chla_b_adj,44.000,2014.000,2024.000,11.821,-0.006,0.890,0.000
CK2414,South,Gosung,DIN_b_adj,44.000,2014.000,2024.000,3105.518,-1.538,0.490,0.011
CK2414,South,Gosung,DIP_b_adj,44.000,2014.000,2024.000,42.049,-0.021,0.941,0.000
CK2414,South,Gosung,DO_b_adj,44.000,2014.000,2024.000,-24.136,0.012,0.895,0.000
CK2414,South,Gosung,NH3-N_b_adj,44.000,2014.000,2024.000,257.735,-0.128,0.907,0.000
CK2414,South,Gosung,NO2-_b_adj,44.000,2014.000,2024.000,1572.079,-0.778,0.134,0.053
CK2414,South,Gosung,NO3-_b_adj,44.000,2014.000,2024.000,1277.339,-0.633,0.588,0.007
CK2414,South,Gosung,SAS_b_adj,44.000,2014.000,2024.000,5110.531,-2.531,0.812,0.001
CK2414,South,Gosung,SS_b_adj,44.000,2014.000,2024.000,225.027,-0.111,0.703,0.003
CK2414,South,Gosung,TN_b_adj,44.000,2014.000,2024.000,18915.827,-9.367,0.004,0.182
CK2414,South,Gosung,TP_b_adj,44.000,2014.000,2024.000,101.697,-0.050,0.837,0.001
CK2414,South,Gosung,pH_b_adj,44.000,2014.000,2024.000,19.918,-0.010,0.152,0.048
CK2414,South,Gosung,salinity_b_adj,44.000,2014.000,2024.000,26.612,-0.013,0.701,0.004
CK2414,South,Gosung,temp_b_adj,44.000,2014.000,2024.000,-249.264,0.123,0.649,0.005
CK2415,South,Tongyoung,COD_b_adj,44.000,2014.000,2024.000,-100.927,0.050,0.044,0.093
CK2415,South,Tongyoung,Chla_b_adj,44.000,2014.000,2024.000,233.613,-0.116,0.104,0.062
CK2415,South,Tongyoung,DIN_b_adj,44.000,2014.000,2024.000,-5868.035,2.906,0.172,0.044
CK2415,South,Tongyoung,DIP_b_adj,44.000,2014.000,2024.000,-1224.092,0.606,0.075,0.073
CK2415,South,Tongyoung,DO_b_adj,44.000,2014.000,2024.000,83.392,-0.041,0.672,0.004
CK2415,South,Tongyoung,NH3-N_b_adj,44.000,2014.000,2024.000,-725.291,0.359,0.510,0.010
CK2415,South,Tongyoung,NO2-_b_adj,44.000,2014.000,2024.000,683.447,-0.338,0.282,0.027
CK2415,South,Tongyoung,NO3-_b_adj,44.000,2014.000,2024.000,-5828.410,2.886,0.166,0.045
CK2415,South,Tongyoung,SAS_b_adj,44.000,2014.000,2024.000,-20000.877,9.904,0.359,0.020
CK2415,South,Tongyoung,SS_b_adj,44.000,2014.000,2024.000,-511.343,0.253,0.566,0.008
CK2415,South,Tongyoung,TN_b_adj,44.000,2014.000,2024.000,16703.181,-8.271,0.005,0.177
CK2415,South,Tongyoung,TP_b_adj,44.000,2014.000,2024.000,-43.453,0.022,0.947,0.000
CK2415,South,Tongyoung,pH_b_adj,44.000,2014.000,2024.000,24.202,-0.012,0.218,0.036
CK2415,South,Tongyoung,salinity_b_adj,44.000,2014.000,2024.000,10.457,-0.005,0.836,0.001
CK2415,South,Tongyoung,temp_b_adj,44.000,2014.000,2024.000,-274.297,0.136,0.521,0.010
CK2416,South,Tongyoung,COD_b_adj,44.000,2014.000,2024.000,-129.974,0.064,0.127,0.054
CK2416,South,Tongyoung,Chla_b_adj,44.000,2014.000,2024.000,37.370,-0.019,0.751,0.002
CK2416,South,Tongyoung,DIN_b_adj,44.000,2014.000,2024.000,73.361,-0.036,0.987,0.000
CK2416,South,Tongyoung,DIP_b_adj,44.000,2014.000,2024.000,-258.352,0.128,0.693,0.004
CK2416,South,Tongyoung,DO_b_adj,44.000,2014.000,2024.000,7.943,-0.004,0.966,0.000
CK2416,South,Tongyoung,NH3-N_b_adj,44.000,2014.000,2024.000,535.080,-0.265,0.642,0.005
CK2416,South,Tongyoung,NO2-_b_adj,44.000,2014.000,2024.000,1285.659,-0.637,0.185,0.041
CK2416,South,Tongyoung,NO3-_b_adj,44.000,2014.000,2024.000,-1753.388,0.868,0.632,0.006
CK2416,South,Tongyoung,SAS_b_adj,44.000,2014.000,2024.000,16247.285,-8.046,0.431,0.015
CK2416,South,Tongyoung,SS_b_adj,44.000,2014.000,2024.000,206.690,-0.102,0.667,0.004
CK2416,South,Tongyoung,TN_b_adj,44.000,2014.000,2024.000,17748.792,-8.789,0.008,0.155
CK2416,South,Tongyoung,TP_b_adj,44.000,2014.000,2024.000,231.203,-0.114,0.719,0.003
CK2416,South,Tongyoung,pH_b_adj,44.000,2014.000,2024.000,15.242,-0.008,0.290,0.027
CK2416,South,Tongyoung,salinity_b_adj,44.000,2014.000,2024.000,17.388,-0.009,0.799,0.002
CK2416,South,Tongyoung,temp_b_adj,44.000,2014.000,2024.000,-219.150,0.109,0.627,0.006
CK2418,South,Tongyoung,COD_b_adj,44.000,2014.000,2024.000,-137.194,0.068,0.019,0.123
CK2418,South,Tongyoung,Chla_b_adj,44.000,2014.000,2024.000,96.410,-0.048,0.200,0.039
CK2418,South,Tongyoung,DIN_b_adj,44.000,2014.000,2024.000,-1654.949,0.820,0.699,0.004
CK2418,South,Tongyoung,DIP_b_adj,44.000,2014.000,2024.000,-549.528,0.272,0.407,0.016
CK2418,South,Tongyoung,DO_b_adj,44.000,2014.000,2024.000,72.900,-0.036,0.611,0.006
CK2418,South,Tongyoung,NH3-N_b_adj,44.000,2014.000,2024.000,-494.035,0.245,0.633,0.005
CK2418,South,Tongyoung,NO2-_b_adj,44.000,2014.000,2024.000,-6.231,0.003,0.991,0.000
CK2418,South,Tongyoung,NO3-_b_adj,44.000,2014.000,2024.000,-1159.281,0.574,0.774,0.002
CK2418,South,Tongyoung,SAS_b_adj,44.000,2014.000,2024.000,162.167,-0.080,0.991,0.000
CK2418,South,Tongyoung,SS_b_adj,44.000,2014.000,2024.000,-227.143,0.112,0.681,0.004
CK2418,South,Tongyoung,TN_b_adj,44.000,2014.000,2024.000,21130.761,-10.464,0.001,0.222
CK2418,South,Tongyoung,TP_b_adj,44.000,2014.000,2024.000,-153.168,0.076,0.814,0.001
CK2418,South,Tongyoung,pH_b_adj,44.000,2014.000,2024.000,19.709,-0.010,0.059,0.082
CK2418,South,Tongyoung,salinity_b_adj,44.000,2014.000,2024.000,58.617,-0.029,0.353,0.021
CK2418,South,Tongyoung,temp_b_adj,44.000,2014.000,2024.000,-327.645,0.162,0.370,0.019
CK2420,South,Tongyoung,COD_b_adj,44.000,2014.000,2024.000,-117.940,0.058,0.009,0.152
CK2420,South,Tongyoung,Chla_b_adj,44.000,2014.000,2024.000,-42.223,0.021,0.449,0.014
CK2420,South,Tongyoung,DIN_b_adj,44.000,2014.000,2024.000,-689.087,0.341,0.871,0.001
CK2420,South,Tongyoung,DIP_b_adj,44.000,2014.000,2024.000,-346.468,0.172,0.562,0.008
CK2420,South,Tongyoung,DO_b_adj,44.000,2014.000,2024.000,55.863,-0.028,0.709,0.003
CK2420,South,Tongyoung,NH3-N_b_adj,44.000,2014.000,2024.000,-1124.535,0.557,0.281,0.028
CK2420,South,Tongyoung,NO2-_b_adj,44.000,2014.000,2024.000,-58.847,0.029,0.910,0.000
CK2420,South,Tongyoung,NO3-_b_adj,44.000,2014.000,2024.000,490.562,-0.243,0.896,0.000
CK2420,South,Tongyoung,SAS_b_adj,44.000,2014.000,2024.000,-2567.277,1.271,0.864,0.001
CK2420,South,Tongyoung,SS_b_adj,44.000,2014.000,2024.000,-187.738,0.093,0.713,0.003
CK2420,South,Tongyoung,TN_b_adj,44.000,2014.000,2024.000,21173.150,-10.485,0.001,0.241
CK2420,South,Tongyoung,TP_b_adj,44.000,2014.000,2024.000,-81.480,0.040,0.881,0.001
CK2420,South,Tongyoung,pH_b_adj,44.000,2014.000,2024.000,17.308,-0.009,0.097,0.064
CK2420,South,Tongyoung,salinity_b_adj,44.000,2014.000,2024.000,54.277,-0.027,0.332,0.022
CK2420,South,Tongyoung,temp_b_adj,44.000,2014.000,2024.000,-431.808,0.214,0.222,0.035
CK2422,South,Tongyoung,COD_b_adj,44.000,2014.000,2024.000,-64.474,0.032,0.144,0.050
CK2422,South,Tongyoung,Chla_b_adj,44.000,2014.000,2024.000,323.279,-0.160,0.013,0.138
CK2422,South,Tongyoung,DIN_b_adj,44.000,2014.000,2024.000,-2504.448,1.240,0.666,0.004
CK2422,South,Tongyoung,DIP_b_adj,44.000,2014.000,2024.000,-430.534,0.213,0.593,0.007
CK2422,South,Tongyoung,DO_b_adj,44.000,2014.000,2024.000,26.179,-0.013,0.886,0.000
CK2422,South,Tongyoung,NH3-N_b_adj,44.000,2014.000,2024.000,-2415.811,1.196,0.343,0.021
CK2422,South,Tongyoung,NO2-_b_adj,44.000,2014.000,2024.000,424.507,-0.210,0.621,0.006
CK2422,South,Tongyoung,NO3-_b_adj,44.000,2014.000,2024.000,-517.175,0.256,0.898,0.000
CK2422,South,Tongyoung,SAS_b_adj,44.000,2014.000,2024.000,2926.034,-1.449,0.880,0.001
CK2422,South,Tongyoung,SS_b_adj,44.000,2014.000,2024.000,414.139,-0.205,0.532,0.009
CK2422,South,Tongyoung,TN_b_adj,44.000,2014.000,2024.000,19923.877,-9.866,0.007,0.159
CK2422,South,Tongyoung,TP_b_adj,44.000,2014.000,2024.000,807.843,-0.400,0.220,0.036
CK2422,South,Tongyoung,pH_b_adj,44.000,2014.000,2024.000,14.397,-0.007,0.307,0.025
CK2422,South,Tongyoung,salinity_b_adj,44.000,2014.000,2024.000,43.407,-0.021,0.511,0.010
CK2422,South,Tongyoung,temp_b_adj,44.000,2014.000,2024.000,-406.588,0.201,0.411,0.016
CK2423,South,Tongyoung,COD_b_adj,44.000,2014.000,2024.000,-55.171,0.027,0.211,0.037
CK2423,South,Tongyoung,Chla_b_adj,44.000,2014.000,2024.000,179.153,-0.089,0.339,0.022
CK2423,South,Tongyoung,DIN_b_adj,44.000,2014.000,2024.000,-2434.268,1.205,0.779,0.002
CK2423,South,Tongyoung,DIP_b_adj,44.000,2014.000,2024.000,-361.982,0.179,0.728,0.003
CK2423,South,Tongyoung,DO_b_adj,44.000,2014.000,2024.000,216.749,-0.107,0.256,0.031
CK2423,South,Tongyoung,NH3-N_b_adj,44.000,2014.000,2024.000,-1077.132,0.533,0.709,0.003
CK2423,South,Tongyoung,NO2-_b_adj,44.000,2014.000,2024.000,613.342,-0.304,0.464,0.013
CK2423,South,Tongyoung,NO3-_b_adj,44.000,2014.000,2024.000,-1970.544,0.976,0.745,0.003
CK2423,South,Tongyoung,SAS_b_adj,44.000,2014.000,2024.000,5304.570,-2.627,0.837,0.001
CK2423,South,Tongyoung,SS_b_adj,44.000,2014.000,2024.000,693.504,-0.343,0.108,0.060
CK2423,South,Tongyoung,TN_b_adj,44.000,2014.000,2024.000,22896.199,-11.338,0.029,0.108
CK2423,South,Tongyoung,TP_b_adj,44.000,2014.000,2024.000,-180.114,0.089,0.873,0.001
CK2423,South,Tongyoung,pH_b_adj,44.000,2014.000,2024.000,42.048,-0.021,0.029,0.109
CK2423,South,Tongyoung,salinity_b_adj,44.000,2014.000,2024.000,-4.171,0.002,0.958,0.000
CK2423,South,Tongyoung,temp_b_adj,44.000,2014.000,2024.000,-124.354,0.062,0.825,0.001
CK2424,South,Tongyoung,COD_b_adj,44.000,2014.000,2024.000,-77.886,0.039,0.055,0.085
CK2424,South,Tongyoung,Chla_b_adj,44.000,2014.000,2024.000,51.185,-0.025,0.534,0.009
CK2424,South,Tongyoung,DIN_b_adj,44.000,2014.000,2024.000,-1829.638,0.906,0.712,0.003
CK2424,South,Tongyoung,DIP_b_adj,44.000,2014.000,2024.000,-778.776,0.386,0.240,0.033
CK2424,South,Tongyoung,DO_b_adj,44.000,2014.000,2024.000,126.094,-0.062,0.414,0.016
CK2424,South,Tongyoung,NH3-N_b_adj,44.000,2014.000,2024.000,54.048,-0.027,0.985,0.000
CK2424,South,Tongyoung,NO2-_b_adj,44.000,2014.000,2024.000,-115.557,0.057,0.869,0.001
CK2424,South,Tongyoung,NO3-_b_adj,44.000,2014.000,2024.000,-1766.911,0.875,0.514,0.010
CK2424,South,Tongyoung,SAS_b_adj,44.000,2014.000,2024.000,-8376.862,4.148,0.700,0.004
CK2424,South,Tongyoung,SS_b_adj,44.000,2014.000,2024.000,923.968,-0.458,0.110,0.060
CK2424,South,Tongyoung,TN_b_adj,44.000,2014.000,2024.000,13681.182,-6.775,0.055,0.085
CK2424,South,Tongyoung,TP_b_adj,44.000,2014.000,2024.000,-79.508,0.039,0.900,0.000
CK2424,South,Tongyoung,pH_b_adj,44.000,2014.000,2024.000,19.059,-0.009,0.186,0.041
CK2424,South,Tongyoung,salinity_b_adj,44.000,2014.000,2024.000,23.077,-0.011,0.783,0.002
CK2424,South,Tongyoung,temp_b_adj,44.000,2014.000,2024.000,-278.577,0.138,0.607,0.006
CK2425,South,Geoje,COD_b_adj,44.000,2014.000,2024.000,-80.680,0.040,0.212,0.037
CK2425,South,Geoje,Chla_b_adj,44.000,2014.000,2024.000,97.243,-0.048,0.641,0.005
CK2425,South,Geoje,DIN_b_adj,44.000,2014.000,2024.000,-3220.829,1.595,0.555,0.008
CK2425,South,Geoje,DIP_b_adj,44.000,2014.000,2024.000,-1026.640,0.508,0.302,0.025
CK2425,South,Geoje,DO_b_adj,44.000,2014.000,2024.000,4.674,-0.002,0.980,0.000
CK2425,South,Geoje,NH3-N_b_adj,44.000,2014.000,2024.000,-2089.940,1.035,0.579,0.007
CK2425,South,Geoje,NO2-_b_adj,44.000,2014.000,2024.000,-290.225,0.144,0.593,0.007
CK2425,South,Geoje,NO3-_b_adj,44.000,2014.000,2024.000,-837.131,0.415,0.726,0.003
CK2425,South,Geoje,SAS_b_adj,44.000,2014.000,2024.000,10543.068,-5.221,0.627,0.006
CK2425,South,Geoje,SS_b_adj,44.000,2014.000,2024.000,-172.017,0.085,0.738,0.003
CK2425,South,Geoje,TN_b_adj,44.000,2014.000,2024.000,6640.621,-3.288,0.369,0.019
CK2425,South,Geoje,TP_b_adj,44.000,2014.000,2024.000,-1311.273,0.649,0.275,0.028
CK2425,South,Geoje,pH_b_adj,44.000,2014.000,2024.000,32.281,-0.016,0.094,0.065
CK2425,South,Geoje,salinity_b_adj,44.000,2014.000,2024.000,21.239,-0.011,0.796,0.002
CK2425,South,Geoje,temp_b_adj,44.000,2014.000,2024.000,-420.270,0.208,0.418,0.016
CK2426,South,Geoje,COD_b_adj,44.000,2014.000,2024.000,-55.341,0.027,0.244,0.032
CK2426,South,Geoje,Chla_b_adj,44.000,2014.000,2024.000,255.056,-0.126,0.092,0.066
CK2426,South,Geoje,DIN_b_adj,44.000,2014.000,2024.000,-4912.472,2.433,0.392,0.017
CK2426,South,Geoje,DIP_b_adj,44.000,2014.000,2024.000,-903.673,0.448,0.291,0.027
CK2426,South,Geoje,DO_b_adj,44.000,2014.000,2024.000,147.137,-0.073,0.330,0.023
CK2426,South,Geoje,NH3-N_b_adj,44.000,2014.000,2024.000,-2100.768,1.040,0.421,0.015
CK2426,South,Geoje,NO2-_b_adj,44.000,2014.000,2024.000,-3.216,0.002,0.996,0.000
CK2426,South,Geoje,NO3-_b_adj,44.000,2014.000,2024.000,-2805.592,1.389,0.457,0.013
CK2426,South,Geoje,SAS_b_adj,44.000,2014.000,2024.000,-4622.181,2.289,0.793,0.002
CK2426,South,Geoje,SS_b_adj,44.000,2014.000,2024.000,-332.101,0.164,0.604,0.006
CK2426,South,Geoje,TN_b_adj,44.000,2014.000,2024.000,13026.483,-6.451,0.122,0.056
CK2426,South,Geoje,TP_b_adj,44.000,2014.000,2024.000,-905.488,0.448,0.267,0.029
CK2426,South,Geoje,pH_b_adj,44.000,2014.000,2024.000,20.648,-0.010,0.220,0.036
CK2426,South,Geoje,salinity_b_adj,44.000,2014.000,2024.000,87.476,-0.043,0.273,0.028
CK2426,South,Geoje,temp_b_adj,44.000,2014.000,2024.000,-360.761,0.179,0.452,0.014
CK2429,South,Geoje,COD_b_adj,44.000,2014.000,2024.000,-80.512,0.040,0.111,0.059
CK2429,South,Geoje,Chla_b_adj,44.000,2014.000,2024.000,-34.712,0.017,0.806,0.001
CK2429,South,Geoje,DIN_b_adj,44.000,2014.000,2024.000,-4234.997,2.097,0.422,0.015
CK2429,South,Geoje,DIP_b_adj,44.000,2014.000,2024.000,-903.833,0.448,0.245,0.032
CK2429,South,Geoje,DO_b_adj,44.000,2014.000,2024.000,133.153,-0.066,0.410,0.016
CK2429,South,Geoje,NH3-N_b_adj,44.000,2014.000,2024.000,-1483.309,0.735,0.066,0.078
CK2429,South,Geoje,NO2-_b_adj,44.000,2014.000,2024.000,360.543,-0.179,0.434,0.015
CK2429,South,Geoje,NO3-_b_adj,44.000,2014.000,2024.000,-3114.913,1.543,0.525,0.010
CK2429,South,Geoje,SAS_b_adj,44.000,2014.000,2024.000,-9529.168,4.719,0.610,0.006
CK2429,South,Geoje,SS_b_adj,44.000,2014.000,2024.000,-731.605,0.362,0.149,0.049
CK2429,South,Geoje,TN_b_adj,44.000,2014.000,2024.000,8378.802,-4.149,0.102,0.062
CK2429,South,Geoje,TP_b_adj,44.000,2014.000,2024.000,-1085.267,0.537,0.225,0.035
CK2429,South,Geoje,pH_b_adj,44.000,2014.000,2024.000,13.587,-0.007,0.255,0.031
CK2429,South,Geoje,salinity_b_adj,44.000,2014.000,2024.000,40.559,-0.020,0.558,0.008
CK2429,South,Geoje,temp_b_adj,44.000,2014.000,2024.000,-246.561,0.122,0.510,0.010
CK2430,South,Geoje,COD_b_adj,44.000,2014.000,2024.000,-52.327,0.026,0.462,0.013
CK2430,South,Geoje,Chla_b_adj,44.000,2014.000,2024.000,-159.797,0.079,0.191,0.040
CK2430,South,Geoje,DIN_b_adj,44.000,2014.000,2024.000,-1968.800,0.975,0.660,0.005
CK2430,South,Geoje,DIP_b_adj,44.000,2014.000,2024.000,-867.269,0.429,0.195,0.040
CK2430,South,Geoje,DO_b_adj,44.000,2014.000,2024.000,120.210,-0.060,0.372,0.019
CK2430,South,Geoje,NH3-N_b_adj,44.000,2014.000,2024.000,2773.970,-1.374,0.205,0.038
CK2430,South,Geoje,NO2-_b_adj,44.000,2014.000,2024.000,-97.281,0.048,0.715,0.003
CK2430,South,Geoje,NO3-_b_adj,44.000,2014.000,2024.000,-4647.808,2.302,0.250,0.031
CK2430,South,Geoje,SAS_b_adj,44.000,2014.000,2024.000,-13235.013,6.554,0.267,0.029
CK2430,South,Geoje,SS_b_adj,44.000,2014.000,2024.000,-576.309,0.285,0.406,0.016
CK2430,South,Geoje,TN_b_adj,44.000,2014.000,2024.000,11219.651,-5.556,0.103,0.062
CK2430,South,Geoje,TP_b_adj,44.000,2014.000,2024.000,-413.002,0.205,0.564,0.008
CK2430,South,Geoje,pH_b_adj,44.000,2014.000,2024.000,25.668,-0.013,0.024,0.115
CK2430,South,Geoje,salinity_b_adj,44.000,2014.000,2024.000,-20.374,0.010,0.761,0.002
CK2430,South,Geoje,temp_b_adj,44.000,2014.000,2024.000,-101.373,0.050,0.765,0.002
CK2435,South,Gijang,COD_b_adj,44.000,2014.000,2024.000,-162.127,0.080,0.001,0.228
CK2435,South,Gijang,Chla_b_adj,44.000,2014.000,2024.000,-108.045,0.054,0.194,0.040
CK2435,South,Gijang,DIN_b_adj,44.000,2014.000,2024.000,-2977.251,1.474,0.496,0.011
CK2435,South,Gijang,DIP_b_adj,44.000,2014.000,2024.000,-1011.839,0.501,0.131,0.054
CK2435,South,Gijang,DO_b_adj,44.000,2014.000,2024.000,21.703,-0.011,0.851,0.001
CK2435,South,Gijang,NH3-N_b_adj,44.000,2014.000,2024.000,-29.181,0.014,0.971,0.000
CK2435,South,Gijang,NO2-_b_adj,44.000,2014.000,2024.000,130.986,-0.065,0.651,0.005
CK2435,South,Gijang,NO3-_b_adj,44.000,2014.000,2024.000,-3080.816,1.526,0.479,0.012
CK2435,South,Gijang,SAS_b_adj,44.000,2014.000,2024.000,-9828.793,4.867,0.456,0.013
CK2435,South,Gijang,SS_b_adj,44.000,2014.000,2024.000,-329.518,0.163,0.664,0.005
CK2435,South,Gijang,TN_b_adj,44.000,2014.000,2024.000,17024.616,-8.431,0.010,0.148
CK2435,South,Gijang,TP_b_adj,44.000,2014.000,2024.000,-668.747,0.331,0.434,0.015
CK2435,South,Gijang,pH_b_adj,44.000,2014.000,2024.000,15.850,-0.008,0.109,0.060
CK2435,South,Gijang,salinity_b_adj,44.000,2014.000,2024.000,39.882,-0.020,0.482,0.012
CK2435,South,Gijang,temp_b_adj,44.000,2014.000,2024.000,-296.188,0.147,0.325,0.023
CK2438,South,Gijang,COD_b_adj,44.000,2014.000,2024.000,-200.968,0.100,0.000,0.365
CK2438,South,Gijang,Chla_b_adj,44.000,2014.000,2024.000,-179.453,0.089,0.196,0.040
CK2438,South,Gijang,DIN_b_adj,44.000,2014.000,2024.000,1047.548,-0.519,0.802,0.002
CK2438,South,Gijang,DIP_b_adj,44.000,2014.000,2024.000,-231.044,0.114,0.708,0.003
CK2438,South,Gijang,DO_b_adj,44.000,2014.000,2024.000,-23.149,0.011,0.815,0.001
CK2438,South,Gijang,NH3-N_b_adj,44.000,2014.000,2024.000,186.762,-0.092,0.805,0.001
CK2438,South,Gijang,NO2-_b_adj,44.000,2014.000,2024.000,252.294,-0.125,0.377,0.019
CK2438,South,Gijang,NO3-_b_adj,44.000,2014.000,2024.000,609.553,-0.302,0.880,0.001
CK2438,South,Gijang,SAS_b_adj,44.000,2014.000,2024.000,5703.003,-2.824,0.589,0.007
CK2438,South,Gijang,SS_b_adj,44.000,2014.000,2024.000,-3.671,0.002,0.996,0.000
CK2438,South,Gijang,TN_b_adj,44.000,2014.000,2024.000,17908.938,-8.869,0.001,0.231
CK2438,South,Gijang,TP_b_adj,44.000,2014.000,2024.000,-175.944,0.087,0.804,0.001
CK2438,South,Gijang,pH_b_adj,44.000,2014.000,2024.000,12.653,-0.006,0.224,0.035
CK2438,South,Gijang,salinity_b_adj,44.000,2014.000,2024.000,27.300,-0.014,0.699,0.004
CK2438,South,Gijang,temp_b_adj,44.000,2014.000,2024.000,-302.181,0.150,0.405,0.017
CW2301,West,Gochang,COD_b_adj,44.000,2014.000,2024.000,-83.330,0.041,0.243,0.032
CW2301,West,Gochang,Chla_b_adj,44.000,2014.000,2024.000,-13.361,0.007,0.970,0.000
CW2301,West,Gochang,DIN_b_adj,44.000,2014.000,2024.000,-2700.869,1.337,0.592,0.007
CW2301,West,Gochang,DIP_b_adj,44.000,2014.000,2024.000,-267.888,0.133,0.751,0.002
CW2301,West,Gochang,DO_b_adj,44.000,2014.000,2024.000,55.255,-0.027,0.755,0.002
CW2301,West,Gochang,NH3-N_b_adj,44.000,2014.000,2024.000,1774.440,-0.879,0.400,0.017
CW2301,West,Gochang,NO2-_b_adj,44.000,2014.000,2024.000,-1004.878,0.498,0.379,0.018
CW2301,West,Gochang,NO3-_b_adj,44.000,2014.000,2024.000,-3464.661,1.716,0.355,0.020
CW2301,West,Gochang,SAS_b_adj,44.000,2014.000,2024.000,-2752.723,1.363,0.882,0.001
CW2301,West,Gochang,SS_b_adj,44.000,2014.000,2024.000,-2680.419,1.327,0.500,0.011
CW2301,West,Gochang,TN_b_adj,44.000,2014.000,2024.000,24962.039,-12.361,0.080,0.071
CW2301,West,Gochang,TP_b_adj,44.000,2014.000,2024.000,1491.356,-0.739,0.500,0.011
CW2301,West,Gochang,pH_b_adj,44.000,2014.000,2024.000,6.429,-0.003,0.676,0.004
CW2301,West,Gochang,salinity_b_adj,44.000,2014.000,2024.000,95.902,-0.047,0.089,0.067
CW2301,West,Gochang,temp_b_adj,44.000,2014.000,2024.000,65.267,-0.032,0.935,0.000
CW2302,West,Gochang,COD_b_adj,44.000,2014.000,2024.000,-133.489,0.066,0.038,0.099
CW2302,West,Gochang,Chla_b_adj,44.000,2014.000,2024.000,-13.739,0.007,0.978,0.000
CW2302,West,Gochang,DIN_b_adj,44.000,2014.000,2024.000,-7267.772,3.599,0.233,0.034
CW2302,West,Gochang,DIP_b_adj,44.000,2014.000,2024.000,-654.211,0.324,0.477,0.012
CW2302,West,Gochang,DO_b_adj,44.000,2014.000,2024.000,118.464,-0.059,0.543,0.009
CW2302,West,Gochang,NH3-N_b_adj,44.000,2014.000,2024.000,-2745.369,1.360,0.175,0.043
CW2302,West,Gochang,NO2-_b_adj,44.000,2014.000,2024.000,-1619.065,0.802,0.184,0.042
CW2302,West,Gochang,NO3-_b_adj,44.000,2014.000,2024.000,-2906.481,1.439,0.538,0.009
CW2302,West,Gochang,SAS_b_adj,44.000,2014.000,2024.000,-14735.257,7.297,0.497,0.011
CW2302,West,Gochang,SS_b_adj,44.000,2014.000,2024.000,-11376.864,5.634,0.116,0.058
CW2302,West,Gochang,TN_b_adj,44.000,2014.000,2024.000,22631.569,-11.207,0.022,0.119
CW2302,West,Gochang,TP_b_adj,44.000,2014.000,2024.000,1217.259,-0.603,0.661,0.005
CW2302,West,Gochang,pH_b_adj,44.000,2014.000,2024.000,17.480,-0.009,0.225,0.035
CW2302,West,Gochang,salinity_b_adj,44.000,2014.000,2024.000,112.886,-0.056,0.009,0.150
CW2302,West,Gochang,temp_b_adj,44.000,2014.000,2024.000,-315.016,0.156,0.705,0.003
CW2303,West,Gochang,COD_b_adj,44.000,2014.000,2024.000,-142.072,0.070,0.292,0.026
CW2303,West,Gochang,Chla_b_adj,44.000,2014.000,2024.000,471.142,-0.233,0.646,0.005
CW2303,West,Gochang,DIN_b_adj,44.000,2014.000,2024.000,-4876.670,2.415,0.516,0.010
CW2303,West,Gochang,DIP_b_adj,44.000,2014.000,2024.000,28.678,-0.014,0.984,0.000
CW2303,West,Gochang,DO_b_adj,44.000,2014.000,2024.000,91.856,-0.045,0.575,0.008
CW2303,West,Gochang,NH3-N_b_adj,44.000,2014.000,2024.000,-448.873,0.222,0.792,0.002
CW2303,West,Gochang,NO2-_b_adj,44.000,2014.000,2024.000,-1448.219,0.717,0.302,0.025
CW2303,West,Gochang,NO3-_b_adj,44.000,2014.000,2024.000,-2972.600,1.472,0.636,0.005
CW2303,West,Gochang,SAS_b_adj,44.000,2014.000,2024.000,-16297.418,8.071,0.526,0.010
CW2303,West,Gochang,SS_b_adj,44.000,2014.000,2024.000,-25601.260,12.678,0.188,0.041
CW2303,West,Gochang,TN_b_adj,44.000,2014.000,2024.000,44523.594,-22.048,0.031,0.105
CW2303,West,Gochang,TP_b_adj,44.000,2014.000,2024.000,7343.695,-3.637,0.209,0.037
CW2303,West,Gochang,pH_b_adj,44.000,2014.000,2024.000,11.822,-0.006,0.404,0.017
CW2303,West,Gochang,salinity_b_adj,44.000,2014.000,2024.000,131.033,-0.065,0.010,0.149
CW2303,West,Gochang,temp_b_adj,44.000,2014.000,2024.000,-383.665,0.190,0.650,0.005
CW2304,West,Muan,COD_b_adj,44.000,2014.000,2024.000,-157.095,0.078,0.006,0.166
CW2304,West,Muan,Chla_b_adj,44.000,2014.000,2024.000,-24.223,0.012,0.869,0.001
CW2304,West,Muan,DIN_b_adj,44.000,2014.000,2024.000,-2848.985,1.411,0.694,0.004
CW2304,West,Muan,DIP_b_adj,44.000,2014.000,2024.000,-983.810,0.487,0.192,0.040
CW2304,West,Muan,DO_b_adj,44.000,2014.000,2024.000,-59.424,0.029,0.723,0.003
CW2304,West,Muan,NH3-N_b_adj,44.000,2014.000,2024.000,488.278,-0.242,0.691,0.004
CW2304,West,Muan,NO2-_b_adj,44.000,2014.000,2024.000,-684.260,0.339,0.680,0.004
CW2304,West,Muan,NO3-_b_adj,44.000,2014.000,2024.000,-2651.496,1.313,0.674,0.004
CW2304,West,Muan,SAS_b_adj,44.000,2014.000,2024.000,-3181.344,1.575,0.849,0.001
CW2304,West,Muan,SS_b_adj,44.000,2014.000,2024.000,72.489,-0.036,0.978,0.000
CW2304,West,Muan,TN_b_adj,44.000,2014.000,2024.000,21497.537,-10.646,0.012,0.140
CW2304,West,Muan,TP_b_adj,44.000,2014.000,2024.000,1525.913,-0.756,0.424,0.015
CW2304,West,Muan,pH_b_adj,44.000,2014.000,2024.000,-23.967,0.012,0.016,0.130
CW2304,West,Muan,salinity_b_adj,44.000,2014.000,2024.000,143.052,-0.071,0.214,0.037
CW2304,West,Muan,temp_b_adj,44.000,2014.000,2024.000,-277.361,0.137,0.730,0.003
CW2305,West,Muan,COD_b_adj,44.000,2014.000,2024.000,-71.901,0.036,0.182,0.042
CW2305,West,Muan,Chla_b_adj,44.000,2014.000,2024.000,-106.286,0.053,0.603,0.006
CW2305,West,Muan,DIN_b_adj,44.000,2014.000,2024.000,-3767.434,1.866,0.463,0.013
CW2305,West,Muan,DIP_b_adj,44.000,2014.000,2024.000,-790.177,0.391,0.151,0.048
CW2305,West,Muan,DO_b_adj,44.000,2014.000,2024.000,12.077,-0.006,0.930,0.000
CW2305,West,Muan,NH3-N_b_adj,44.000,2014.000,2024.000,884.148,-0.438,0.350,0.021
CW2305,West,Muan,NO2-_b_adj,44.000,2014.000,2024.000,-80.697,0.040,0.926,0.000
CW2305,West,Muan,NO3-_b_adj,44.000,2014.000,2024.000,-4573.158,2.265,0.353,0.021
CW2305,West,Muan,SAS_b_adj,44.000,2014.000,2024.000,-4500.270,2.229,0.697,0.004
CW2305,West,Muan,SS_b_adj,44.000,2014.000,2024.000,-5590.085,2.768,0.166,0.045
CW2305,West,Muan,TN_b_adj,44.000,2014.000,2024.000,30241.390,-14.976,0.013,0.139
CW2305,West,Muan,TP_b_adj,44.000,2014.000,2024.000,2385.678,-1.181,0.085,0.069
CW2305,West,Muan,pH_b_adj,44.000,2014.000,2024.000,-0.431,0.000,0.975,0.000
CW2305,West,Muan,salinity_b_adj,44.000,2014.000,2024.000,121.206,-0.060,0.185,0.041
CW2305,West,Muan,temp_b_adj,44.000,2014.000,2024.000,238.774,-0.118,0.751,0.002
CW2306,West,Shinan,COD_b_adj,44.000,2014.000,2024.000,-150.480,0.075,0.002,0.205
CW2306,West,Shinan,Chla_b_adj,44.000,2014.000,2024.000,-47.599,0.024,0.759,0.002
CW2306,West,Shinan,DIN_b_adj,44.000,2014.000,2024.000,-3701.573,1.833,0.577,0.007
CW2306,West,Shinan,DIP_b_adj,44.000,2014.000,2024.000,-699.786,0.347,0.274,0.028
CW2306,West,Shinan,DO_b_adj,44.000,2014.000,2024.000,56.064,-0.028,0.689,0.004
CW2306,West,Shinan,NH3-N_b_adj,44.000,2014.000,2024.000,-961.425,0.476,0.181,0.042
CW2306,West,Shinan,NO2-_b_adj,44.000,2014.000,2024.000,8.687,-0.004,0.990,0.000
CW2306,West,Shinan,NO3-_b_adj,44.000,2014.000,2024.000,-2749.677,1.362,0.660,0.005
CW2306,West,Shinan,SAS_b_adj,44.000,2014.000,2024.000,-2161.315,1.070,0.869,0.001
CW2306,West,Shinan,SS_b_adj,44.000,2014.000,2024.000,-5073.650,2.512,0.104,0.062
CW2306,West,Shinan,TN_b_adj,44.000,2014.000,2024.000,8141.174,-4.032,0.259,0.030
CW2306,West,Shinan,TP_b_adj,44.000,2014.000,2024.000,-1349.673,0.668,0.377,0.019
CW2306,West,Shinan,pH_b_adj,44.000,2014.000,2024.000,1.173,-0.001,0.897,0.000
CW2306,West,Shinan,salinity_b_adj,44.000,2014.000,2024.000,152.580,-0.076,0.077,0.073
CW2306,West,Shinan,temp_b_adj,44.000,2014.000,2024.000,-405.818,0.201,0.547,0.009
CW2309,West,Jindo,COD_b_adj,44.000,2014.000,2024.000,-134.732,0.067,0.019,0.124
CW2309,West,Jindo,Chla_b_adj,44.000,2014.000,2024.000,-0.425,0.000,0.997,0.000
CW2309,West,Jindo,DIN_b_adj,44.000,2014.000,2024.000,-7171.202,3.551,0.089,0.067
CW2309,West,Jindo,DIP_b_adj,44.000,2014.000,2024.000,-934.393,0.463,0.075,0.074
CW2309,West,Jindo,DO_b_adj,44.000,2014.000,2024.000,283.543,-0.140,0.039,0.098
CW2309,West,Jindo,NH3-N_b_adj,44.000,2014.000,2024.000,-1781.702,0.882,0.012,0.140
CW2309,West,Jindo,NO2-_b_adj,44.000,2014.000,2024.000,177.687,-0.088,0.687,0.004
CW2309,West,Jindo,NO3-_b_adj,44.000,2014.000,2024.000,-5570.277,2.758,0.179,0.043
CW2309,West,Jindo,SAS_b_adj,44.000,2014.000,2024.000,-948.047,0.469,0.936,0.000
CW2309,West,Jindo,SS_b_adj,44.000,2014.000,2024.000,2134.001,-1.057,0.657,0.005
CW2309,West,Jindo,TN_b_adj,44.000,2014.000,2024.000,12596.046,-6.238,0.039,0.098
CW2309,West,Jindo,TP_b_adj,44.000,2014.000,2024.000,2698.686,-1.336,0.102,0.062
CW2309,West,Jindo,pH_b_adj,44.000,2014.000,2024.000,-0.422,0.000,0.969,0.000
CW2309,West,Jindo,salinity_b_adj,44.000,2014.000,2024.000,92.198,-0.046,0.150,0.049
CW2309,West,Jindo,temp_b_adj,44.000,2014.000,2024.000,-576.417,0.285,0.405,0.017
CW2310,West,Jindo,COD_b_adj,44.000,2014.000,2024.000,-123.125,0.061,0.023,0.117
CW2310,West,Jindo,Chla_b_adj,44.000,2014.000,2024.000,165.743,-0.082,0.136,0.052
CW2310,West,Jindo,DIN_b_adj,44.000,2014.000,2024.000,-2794.394,1.384,0.480,0.012
CW2310,West,Jindo,DIP_b_adj,44.000,2014.000,2024.000,-60.341,0.030,0.920,0.000
CW2310,West,Jindo,DO_b_adj,44.000,2014.000,2024.000,211.642,-0.105,0.149,0.049
CW2310,West,Jindo,NH3-N_b_adj,44.000,2014.000,2024.000,-601.462,0.298,0.515,0.010
CW2310,West,Jindo,NO2-_b_adj,44.000,2014.000,2024.000,44.565,-0.022,0.870,0.001
CW2310,West,Jindo,NO3-_b_adj,44.000,2014.000,2024.000,-2238.470,1.108,0.550,0.009
CW2310,West,Jindo,SAS_b_adj,44.000,2014.000,2024.000,6184.807,-3.063,0.558,0.008
CW2310,West,Jindo,SS_b_adj,44.000,2014.000,2024.000,4673.441,-2.314,0.042,0.095
CW2310,West,Jindo,TN_b_adj,44.000,2014.000,2024.000,13004.258,-6.440,0.010,0.148
CW2310,West,Jindo,TP_b_adj,44.000,2014.000,2024.000,782.370,-0.387,0.357,0.020
CW2310,West,Jindo,pH_b_adj,44.000,2014.000,2024.000,-1.372,0.001,0.880,0.001
CW2310,West,Jindo,salinity_b_adj,44.000,2014.000,2024.000,83.712,-0.041,0.194,0.040
CW2310,West,Jindo,temp_b_adj,44.000,2014.000,2024.000,-511.705,0.253,0.346,0.021
CW2311,West,Jindo,COD_b_adj,44.000,2014.000,2024.000,-142.331,0.070,0.012,0.141
CW2311,West,Jindo,Chla_b_adj,44.000,2014.000,2024.000,157.462,-0.078,0.063,0.080
CW2311,West,Jindo,DIN_b_adj,44.000,2014.000,2024.000,-5050.785,2.501,0.182,0.042
CW2311,West,Jindo,DIP_b_adj,44.000,2014.000,2024.000,-508.818,0.252,0.396,0.017
CW2311,West,Jindo,DO_b_adj,44.000,2014.000,2024.000,101.909,-0.050,0.401,0.017
CW2311,West,Jindo,NH3-N_b_adj,44.000,2014.000,2024.000,-270.122,0.134,0.675,0.004
CW2311,West,Jindo,NO2-_b_adj,44.000,2014.000,2024.000,-145.539,0.072,0.606,0.006
CW2311,West,Jindo,NO3-_b_adj,44.000,2014.000,2024.000,-4638.392,2.297,0.219,0.036
CW2311,West,Jindo,SAS_b_adj,44.000,2014.000,2024.000,518.611,-0.257,0.959,0.000
CW2311,West,Jindo,SS_b_adj,44.000,2014.000,2024.000,2272.275,-1.125,0.600,0.007
CW2311,West,Jindo,TN_b_adj,44.000,2014.000,2024.000,16318.572,-8.081,0.004,0.185
CW2311,West,Jindo,TP_b_adj,44.000,2014.000,2024.000,859.880,-0.426,0.405,0.017
CW2311,West,Jindo,pH_b_adj,44.000,2014.000,2024.000,-0.832,0.000,0.933,0.000
CW2311,West,Jindo,salinity_b_adj,44.000,2014.000,2024.000,70.821,-0.035,0.241,0.033
CW2311,West,Jindo,temp_b_adj,44.000,2014.000,2024.000,-464.849,0.230,0.317,0.024
CW2313,West,Wando,COD_b_adj,44.000,2014.000,2024.000,-174.781,0.087,0.001,0.227
CW2313,West,Wando,Chla_b_adj,44.000,2014.000,2024.000,133.330,-0.066,0.038,0.098
CW2313,West,Wando,DIN_b_adj,44.000,2014.000,2024.000,-6396.502,3.168,0.109,0.060
CW2313,West,Wando,DIP_b_adj,44.000,2014.000,2024.000,-532.996,0.264,0.406,0.017
CW2313,West,Wando,DO_b_adj,44.000,2014.000,2024.000,35.856,-0.018,0.719,0.003
CW2313,West,Wando,NH3-N_b_adj,44.000,2014.000,2024.000,-358.615,0.178,0.797,0.002
CW2313,West,Wando,NO2-_b_adj,44.000,2014.000,2024.000,96.787,-0.048,0.826,0.001
CW2313,West,Wando,NO3-_b_adj,44.000,2014.000,2024.000,-6132.220,3.037,0.092,0.066
CW2313,West,Wando,SAS_b_adj,44.000,2014.000,2024.000,76.595,-0.038,0.994,0.000
CW2313,West,Wando,SS_b_adj,44.000,2014.000,2024.000,3576.997,-1.771,0.126,0.055
CW2313,West,Wando,TN_b_adj,44.000,2014.000,2024.000,9657.008,-4.782,0.167,0.045
CW2313,West,Wando,TP_b_adj,44.000,2014.000,2024.000,373.532,-0.185,0.779,0.002
CW2313,West,Wando,pH_b_adj,44.000,2014.000,2024.000,-8.074,0.004,0.384,0.018
CW2313,West,Wando,salinity_b_adj,44.000,2014.000,2024.000,45.802,-0.023,0.488,0.012
CW2313,West,Wando,temp_b_adj,44.000,2014.000,2024.000,-221.049,0.109,0.644,0.005
CW2314,West,Wando,COD_b_adj,44.000,2014.000,2024.000,-219.720,0.109,0.000,0.320
CW2314,West,Wando,Chla_b_adj,44.000,2014.000,2024.000,125.099,-0.062,0.196,0.039
CW2314,West,Wando,DIN_b_adj,44.000,2014.000,2024.000,-6207.417,3.074,0.156,0.047
CW2314,West,Wando,DIP_b_adj,44.000,2014.000,2024.000,-1109.684,0.550,0.072,0.075
CW2314,West,Wando,DO_b_adj,44.000,2014.000,2024.000,28.058,-0.014,0.769,0.002
CW2314,West,Wando,NH3-N_b_adj,44.000,2014.000,2024.000,-343.034,0.170,0.785,0.002
CW2314,West,Wando,NO2-_b_adj,44.000,2014.000,2024.000,-126.785,0.063,0.833,0.001
CW2314,West,Wando,NO3-_b_adj,44.000,2014.000,2024.000,-5731.538,2.838,0.116,0.058
CW2314,West,Wando,SAS_b_adj,44.000,2014.000,2024.000,-10012.636,4.958,0.351,0.021
CW2314,West,Wando,SS_b_adj,44.000,2014.000,2024.000,1927.336,-0.954,0.295,0.026
CW2314,West,Wando,TN_b_adj,44.000,2014.000,2024.000,11084.691,-5.489,0.024,0.115
CW2314,West,Wando,TP_b_adj,44.000,2014.000,2024.000,-891.258,0.441,0.549,0.009
CW2314,West,Wando,pH_b_adj,44.000,2014.000,2024.000,-0.411,0.000,0.963,0.000
CW2314,West,Wando,salinity_b_adj,44.000,2014.000,2024.000,53.703,-0.027,0.465,0.013
CW2314,West,Wando,temp_b_adj,44.000,2014.000,2024.000,-342.859,0.170,0.538,0.009
CW2315,West,Wando,COD_b_adj,44.000,2014.000,2024.000,-208.621,0.103,0.000,0.264
CW2315,West,Wando,Chla_b_adj,44.000,2014.000,2024.000,129.415,-0.064,0.041,0.096
CW2315,West,Wando,DIN_b_adj,44.000,2014.000,2024.000,-6519.966,3.229,0.111,0.059
CW2315,West,Wando,DIP_b_adj,44.000,2014.000,2024.000,-951.346,0.471,0.112,0.059
CW2315,West,Wando,DO_b_adj,44.000,2014.000,2024.000,-150.690,0.075,0.226,0.035
CW2315,West,Wando,NH3-N_b_adj,44.000,2014.000,2024.000,-1771.442,0.877,0.083,0.070
CW2315,West,Wando,NO2-_b_adj,44.000,2014.000,2024.000,22.427,-0.011,0.966,0.000
CW2315,West,Wando,NO3-_b_adj,44.000,2014.000,2024.000,-4694.764,2.325,0.225,0.035
CW2315,West,Wando,SAS_b_adj,44.000,2014.000,2024.000,-11018.384,5.456,0.248,0.032
CW2315,West,Wando,SS_b_adj,44.000,2014.000,2024.000,1811.162,-0.897,0.364,0.020
CW2315,West,Wando,TN_b_adj,44.000,2014.000,2024.000,15451.919,-7.652,0.002,0.207
CW2315,West,Wando,TP_b_adj,44.000,2014.000,2024.000,-430.220,0.213,0.692,0.004
CW2315,West,Wando,pH_b_adj,44.000,2014.000,2024.000,1.421,-0.001,0.864,0.001
CW2315,West,Wando,salinity_b_adj,44.000,2014.000,2024.000,65.457,-0.032,0.347,0.021
CW2315,West,Wando,temp_b_adj,44.000,2014.000,2024.000,-412.293,0.204,0.407,0.016
CW2318,West,Gohung,COD_b_adj,44.000,2014.000,2024.000,-174.384,0.086,0.004,0.183
CW2318,West,Gohung,Chla_b_adj,44.000,2014.000,2024.000,46.911,-0.023,0.659,0.005
CW2318,West,Gohung,DIN_b_adj,44.000,2014.000,2024.000,-5218.196,2.584,0.138,0.052
CW2318,West,Gohung,DIP_b_adj,44.000,2014.000,2024.000,-908.445,0.450,0.057,0.083
CW2318,West,Gohung,DO_b_adj,44.000,2014.000,2024.000,-56.385,0.028,0.736,0.003
CW2318,West,Gohung,NH3-N_b_adj,44.000,2014.000,2024.000,-1078.729,0.534,0.149,0.049
CW2318,West,Gohung,NO2-_b_adj,44.000,2014.000,2024.000,-1258.484,0.623,0.251,0.031
CW2318,West,Gohung,NO3-_b_adj,44.000,2014.000,2024.000,-2872.526,1.422,0.265,0.029
CW2318,West,Gohung,SAS_b_adj,44.000,2014.000,2024.000,-4377.420,2.168,0.653,0.005
CW2318,West,Gohung,SS_b_adj,44.000,2014.000,2024.000,394.120,-0.195,0.872,0.001
CW2318,West,Gohung,TN_b_adj,44.000,2014.000,2024.000,18579.276,-9.201,0.005,0.170
CW2318,West,Gohung,TP_b_adj,44.000,2014.000,2024.000,238.131,-0.118,0.835,0.001
CW2318,West,Gohung,pH_b_adj,44.000,2014.000,2024.000,23.582,-0.012,0.007,0.162
CW2318,West,Gohung,salinity_b_adj,44.000,2014.000,2024.000,76.548,-0.038,0.274,0.028
CW2318,West,Gohung,temp_b_adj,44.000,2014.000,2024.000,-355.927,0.176,0.554,0.008
CW2319,West,Gohung,COD_b_adj,44.000,2014.000,2024.000,-133.218,0.066,0.004,0.178
CW2319,West,Gohung,Chla_b_adj,44.000,2014.000,2024.000,10.646,-0.005,0.921,0.000
CW2319,West,Gohung,DIN_b_adj,44.000,2014.000,2024.000,-5174.049,2.562,0.179,0.043
CW2319,West,Gohung,DIP_b_adj,44.000,2014.000,2024.000,-715.917,0.355,0.182,0.042
CW2319,West,Gohung,DO_b_adj,44.000,2014.000,2024.000,52.693,-0.026,0.582,0.007
CW2319,West,Gohung,NH3-N_b_adj,44.000,2014.000,2024.000,-517.576,0.256,0.244,0.032
CW2319,West,Gohung,NO2-_b_adj,44.000,2014.000,2024.000,-411.524,0.204,0.569,0.008
CW2319,West,Gohung,NO3-_b_adj,44.000,2014.000,2024.000,-4239.954,2.100,0.230,0.034
CW2319,West,Gohung,SAS_b_adj,44.000,2014.000,2024.000,-6622.684,3.280,0.470,0.012
CW2319,West,Gohung,SS_b_adj,44.000,2014.000,2024.000,-270.338,0.134,0.892,0.000
CW2319,West,Gohung,TN_b_adj,44.000,2014.000,2024.000,18843.051,-9.331,0.004,0.181
CW2319,West,Gohung,TP_b_adj,44.000,2014.000,2024.000,-539.420,0.267,0.601,0.007
CW2319,West,Gohung,pH_b_adj,44.000,2014.000,2024.000,33.639,-0.017,0.000,0.259
CW2319,West,Gohung,salinity_b_adj,44.000,2014.000,2024.000,30.755,-0.015,0.648,0.005
CW2319,West,Gohung,temp_b_adj,44.000,2014.000,2024.000,-40.262,0.020,0.935,0.000
CW2320,West,Gohung,COD_b_adj,44.000,2014.000,2024.000,-150.162,0.074,0.004,0.183
CW2320,West,Gohung,Chla_b_adj,44.000,2014.000,2024.000,10.506,-0.005,0.934,0.000
CW2320,West,Gohung,DIN_b_adj,44.000,2014.000,2024.000,-3666.625,1.816,0.268,0.029
CW2320,West,Gohung,DIP_b_adj,44.000,2014.000,2024.000,-765.701,0.379,0.115,0.058
CW2320,West,Gohung,DO_b_adj,44.000,2014.000,2024.000,52.264,-0.026,0.649,0.005
CW2320,West,Gohung,NH3-N_b_adj,44.000,2014.000,2024.000,-515.620,0.255,0.605,0.006
CW2320,West,Gohung,NO2-_b_adj,44.000,2014.000,2024.000,-1234.843,0.611,0.180,0.042
CW2320,West,Gohung,NO3-_b_adj,44.000,2014.000,2024.000,-1913.041,0.947,0.471,0.012
CW2320,West,Gohung,SAS_b_adj,44.000,2014.000,2024.000,-4071.968,2.016,0.668,0.004
CW2320,West,Gohung,SS_b_adj,44.000,2014.000,2024.000,159.171,-0.079,0.963,0.000
CW2320,West,Gohung,TN_b_adj,44.000,2014.000,2024.000,15430.972,-7.641,0.024,0.116
CW2320,West,Gohung,TP_b_adj,44.000,2014.000,2024.000,104.575,-0.052,0.901,0.000
CW2320,West,Gohung,pH_b_adj,44.000,2014.000,2024.000,32.402,-0.016,0.002,0.207
CW2320,West,Gohung,salinity_b_adj,44.000,2014.000,2024.000,78.642,-0.039,0.249,0.031
CW2320,West,Gohung,temp_b_adj,44.000,2014.000,2024.000,-276.310,0.137,0.644,0.005
CW2321,West,Gohung,COD_b_adj,44.000,2014.000,2024.000,-137.604,0.068,0.027,0.111
CW2321,West,Gohung,Chla_b_adj,44.000,2014.000,2024.000,49.468,-0.024,0.681,0.004
CW2321,West,Gohung,DIN_b_adj,44.000,2014.000,2024.000,-5252.723,2.601,0.129,0.054
CW2321,West,Gohung,DIP_b_adj,44.000,2014.000,2024.000,-519.164,0.257,0.430,0.015
CW2321,West,Gohung,DO_b_adj,44.000,2014.000,2024.000,91.901,-0.046,0.534,0.009
CW2321,West,Gohung,NH3-N_b_adj,44.000,2014.000,2024.000,-856.179,0.424,0.337,0.022
CW2321,West,Gohung,NO2-_b_adj,44.000,2014.000,2024.000,-759.278,0.376,0.470,0.012
CW2321,West,Gohung,NO3-_b_adj,44.000,2014.000,2024.000,-3645.242,1.805,0.163,0.046
CW2321,West,Gohung,SAS_b_adj,44.000,2014.000,2024.000,-16844.094,8.341,0.183,0.042
CW2321,West,Gohung,SS_b_adj,44.000,2014.000,2024.000,-1593.275,0.789,0.285,0.027
CW2321,West,Gohung,TN_b_adj,44.000,2014.000,2024.000,14121.464,-6.993,0.025,0.115
CW2321,West,Gohung,TP_b_adj,44.000,2014.000,2024.000,43.272,-0.021,0.968,0.000
CW2321,West,Gohung,pH_b_adj,44.000,2014.000,2024.000,38.991,-0.019,0.008,0.154
CW2321,West,Gohung,salinity_b_adj,44.000,2014.000,2024.000,-5.198,0.003,0.945,0.000
CW2321,West,Gohung,temp_b_adj,44.000,2014.000,2024.000,-155.006,0.077,0.789,0.002
CW2322,West,Gohung,COD_b_adj,44.000,2014.000,2024.000,-118.722,0.059,0.009,0.152
CW2322,West,Gohung,Chla_b_adj,44.000,2014.000,2024.000,10.453,-0.005,0.935,0.000
CW2322,West,Gohung,DIN_b_adj,44.000,2014.000,2024.000,-5080.853,2.516,0.154,0.048
CW2322,West,Gohung,DIP_b_adj,44.000,2014.000,2024.000,-605.305,0.300,0.198,0.039
CW2322,West,Gohung,DO_b_adj,44.000,2014.000,2024.000,96.379,-0.048,0.539,0.009
CW2322,West,Gohung,NH3-N_b_adj,44.000,2014.000,2024.000,-1252.625,0.620,0.330,0.023
CW2322,West,Gohung,NO2-_b_adj,44.000,2014.000,2024.000,-401.712,0.199,0.636,0.005
CW2322,West,Gohung,NO3-_b_adj,44.000,2014.000,2024.000,-3429.086,1.698,0.162,0.046
CW2322,West,Gohung,SAS_b_adj,44.000,2014.000,2024.000,-19537.299,9.675,0.115,0.058
CW2322,West,Gohung,SS_b_adj,44.000,2014.000,2024.000,-565.051,0.280,0.672,0.004
CW2322,West,Gohung,TN_b_adj,44.000,2014.000,2024.000,16758.565,-8.299,0.016,0.130
CW2322,West,Gohung,TP_b_adj,44.000,2014.000,2024.000,-842.711,0.417,0.260,0.030
CW2322,West,Gohung,pH_b_adj,44.000,2014.000,2024.000,32.540,-0.016,0.003,0.195
CW2322,West,Gohung,salinity_b_adj,44.000,2014.000,2024.000,95.033,-0.047,0.271,0.029
CW2322,West,Gohung,temp_b_adj,44.000,2014.000,2024.000,-225.749,0.112,0.735,0.003
CW2323,West,Gohung,COD_b_adj,44.000,2014.000,2024.000,-147.507,0.073,0.002,0.210
CW2323,West,Gohung,Chla_b_adj,44.000,2014.000,2024.000,13.706,-0.007,0.932,0.000
CW2323,West,Gohung,DIN_b_adj,44.000,2014.000,2024.000,-5810.551,2.877,0.089,0.067
CW2323,West,Gohung,DIP_b_adj,44.000,2014.000,2024.000,-752.529,0.373,0.166,0.045
CW2323,West,Gohung,DO_b_adj,44.000,2014.000,2024.000,110.330,-0.055,0.406,0.017
CW2323,West,Gohung,NH3-N_b_adj,44.000,2014.000,2024.000,-1485.000,0.735,0.250,0.031
CW2323,West,Gohung,NO2-_b_adj,44.000,2014.000,2024.000,-890.992,0.441,0.369,0.019
CW2323,West,Gohung,NO3-_b_adj,44.000,2014.000,2024.000,-3403.940,1.686,0.146,0.050
CW2323,West,Gohung,SAS_b_adj,44.000,2014.000,2024.000,-28189.139,13.959,0.061,0.081
CW2323,West,Gohung,SS_b_adj,44.000,2014.000,2024.000,-2159.614,1.069,0.188,0.041
CW2323,West,Gohung,TN_b_adj,44.000,2014.000,2024.000,12667.184,-6.273,0.015,0.132
CW2323,West,Gohung,TP_b_adj,44.000,2014.000,2024.000,-1346.223,0.667,0.091,0.066
CW2323,West,Gohung,pH_b_adj,44.000,2014.000,2024.000,34.012,-0.017,0.014,0.137
CW2323,West,Gohung,salinity_b_adj,44.000,2014.000,2024.000,95.921,-0.048,0.268,0.029
CW2323,West,Gohung,temp_b_adj,44.000,2014.000,2024.000,-104.135,0.052,0.876,0.001
CW2324,West,Gohung,COD_b_adj,44.000,2014.000,2024.000,-102.174,0.051,0.011,0.144
CW2324,West,Gohung,Chla_b_adj,44.000,2014.000,2024.000,5.498,-0.003,0.960,0.000
CW2324,West,Gohung,DIN_b_adj,44.000,2014.000,2024.000,-3360.233,1.664,0.294,0.026
CW2324,West,Gohung,DIP_b_adj,44.000,2014.000,2024.000,-566.382,0.280,0.241,0.033
CW2324,West,Gohung,DO_b_adj,44.000,2014.000,2024.000,-3.615,0.002,0.977,0.000
CW2324,West,Gohung,NH3-N_b_adj,44.000,2014.000,2024.000,-1164.187,0.577,0.120,0.056
CW2324,West,Gohung,NO2-_b_adj,44.000,2014.000,2024.000,-1066.610,0.528,0.306,0.025
CW2324,West,Gohung,NO3-_b_adj,44.000,2014.000,2024.000,-1130.459,0.560,0.647,0.005
CW2324,West,Gohung,SAS_b_adj,44.000,2014.000,2024.000,-13430.473,6.651,0.243,0.032
CW2324,West,Gohung,SS_b_adj,44.000,2014.000,2024.000,-677.799,0.336,0.694,0.004
CW2324,West,Gohung,TN_b_adj,44.000,2014.000,2024.000,16885.630,-8.362,0.004,0.179
CW2324,West,Gohung,TP_b_adj,44.000,2014.000,2024.000,336.831,-0.167,0.752,0.002
CW2324,West,Gohung,pH_b_adj,44.000,2014.000,2024.000,38.108,-0.019,0.004,0.180
CW2324,West,Gohung,salinity_b_adj,44.000,2014.000,2024.000,105.884,-0.052,0.167,0.045
CW2324,West,Gohung,temp_b_adj,44.000,2014.000,2024.000,-244.645,0.121,0.671,0.004
CW2325,West,Gohung,COD_b_adj,44.000,2014.000,2024.000,-70.831,0.035,0.108,0.060
CW2325,West,Gohung,Chla_b_adj,44.000,2014.000,2024.000,34.408,-0.017,0.719,0.003
CW2325,West,Gohung,DIN_b_adj,44.000,2014.000,2024.000,-5483.681,2.716,0.095,0.065
CW2325,West,Gohung,DIP_b_adj,44.000,2014.000,2024.000,-715.895,0.355,0.111,0.059
CW2325,West,Gohung,DO_b_adj,44.000,2014.000,2024.000,3.334,-0.002,0.981,0.000
CW2325,West,Gohung,NH3-N_b_adj,44.000,2014.000,2024.000,-1000.100,0.495,0.127,0.055
CW2325,West,Gohung,NO2-_b_adj,44.000,2014.000,2024.000,-729.965,0.361,0.392,0.018
CW2325,West,Gohung,NO3-_b_adj,44.000,2014.000,2024.000,-3754.091,1.859,0.183,0.042
CW2325,West,Gohung,SAS_b_adj,44.000,2014.000,2024.000,-11080.588,5.487,0.312,0.024
CW2325,West,Gohung,SS_b_adj,44.000,2014.000,2024.000,-1696.270,0.840,0.362,0.020
CW2325,West,Gohung,TN_b_adj,44.000,2014.000,2024.000,12949.634,-6.413,0.011,0.145
CW2325,West,Gohung,TP_b_adj,44.000,2014.000,2024.000,15.994,-0.008,0.988,0.000
CW2325,West,Gohung,pH_b_adj,44.000,2014.000,2024.000,30.647,-0.015,0.012,0.140
CW2325,West,Gohung,salinity_b_adj,44.000,2014.000,2024.000,34.989,-0.017,0.588,0.007
CW2325,West,Gohung,temp_b_adj,44.000,2014.000,2024.000,-104.437,0.052,0.840,0.001
