region,admin,variable,env_n_points,env_start_year,env_end_year,env_intercept,env_slope,env_p_value,env_r^2,CB_type,cb_n_points,cb_start_year,cb_end_year,cb_intercept,cb_slope,cb_p_value,cb_r^2
East,Donghae,COD_b_adj,44.000,2014.000,2024.000,-167.680,0.083,0.001,0.251,CB_1,5.000,2014.000,2024.000,-2.826,0.003,0.988,0.000
East,Donghae,COD_b_adj,44.000,2014.000,2024.000,-167.680,0.083,0.001,0.251,CB_2,5.000,2014.000,2024.000,299.812,-0.147,0.499,0.164
East,Donghae,COD_b_adj,44.000,2014.000,2024.000,-167.680,0.083,0.001,0.251,CB_3,5.000,2014.000,2024.000,-59.401,0.030,0.675,0.067
East,Donghae,Chla_b_adj,44.000,2014.000,2024.000,10.546,-0.005,0.859,0.001,CB_1,5.000,2014.000,2024.000,-2.826,0.003,0.988,0.000
East,Donghae,Chla_b_adj,44.000,2014.000,2024.000,10.546,-0.005,0.859,0.001,CB_2,5.000,2014.000,2024.000,299.812,-0.147,0.499,0.164
East,Donghae,Chla_b_adj,44.000,2014.000,2024.000,10.546,-0.005,0.859,0.001,CB_3,5.000,2014.000,2024.000,-59.401,0.030,0.675,0.067
East,Donghae,DIN_b_adj,44.000,2014.000,2024.000,-8938.945,4.427,0.056,0.084,CB_1,5.000,2014.000,2024.000,-2.826,0.003,0.988,0.000
East,Donghae,DIN_b_adj,44.000,2014.000,2024.000,-8938.945,4.427,0.056,0.084,CB_2,5.000,2014.000,2024.000,299.812,-0.147,0.499,0.164
East,Donghae,DIN_b_adj,44.000,2014.000,2024.000,-8938.945,4.427,0.056,0.084,CB_3,5.000,2014.000,2024.000,-59.401,0.030,0.675,0.067
East,Donghae,DIP_b_adj,44.000,2014.000,2024.000,-1218.998,0.604,0.106,0.061,CB_1,5.000,2014.000,2024.000,-2.826,0.003,0.988,0.000
East,Donghae,DIP_b_adj,44.000,2014.000,2024.000,-1218.998,0.604,0.106,0.061,CB_2,5.000,2014.000,2024.000,299.812,-0.147,0.499,0.164
East,Donghae,DIP_b_adj,44.000,2014.000,2024.000,-1218.998,0.604,0.106,0.061,CB_3,5.000,2014.000,2024.000,-59.401,0.030,0.675,0.067
East,Donghae,DO_b_adj,44.000,2014.000,2024.000,177.307,-0.088,0.075,0.073,CB_1,5.000,2014.000,2024.000,-2.826,0.003,0.988,0.000
East,Donghae,DO_b_adj,44.000,2014.000,2024.000,177.307,-0.088,0.075,0.073,CB_2,5.000,2014.000,2024.000,299.812,-0.147,0.499,0.164
East,Donghae,DO_b_adj,44.000,2014.000,2024.000,177.307,-0.088,0.075,0.073,CB_3,5.000,2014.000,2024.000,-59.401,0.030,0.675,0.067
East,Donghae,NH3-N_b_adj,44.000,2014.000,2024.000,-146.770,0.073,0.771,0.002,CB_1,5.000,2014.000,2024.000,-2.826,0.003,0.988,0.000
East,Donghae,NH3-N_b_adj,44.000,2014.000,2024.000,-146.770,0.073,0.771,0.002,CB_2,5.000,2014.000,2024.000,299.812,-0.147,0.499,0.164
East,Donghae,NH3-N_b_adj,44.000,2014.000,2024.000,-146.770,0.073,0.771,0.002,CB_3,5.000,2014.000,2024.000,-59.401,0.030,0.675,0.067
East,Donghae,NO2-_b_adj,44.000,2014.000,2024.000,-218.910,0.108,0.216,0.036,CB_1,5.000,2014.000,2024.000,-2.826,0.003,0.988,0.000
East,Donghae,NO2-_b_adj,44.000,2014.000,2024.000,-218.910,0.108,0.216,0.036,CB_2,5.000,2014.000,2024.000,299.812,-0.147,0.499,0.164
East,Donghae,NO2-_b_adj,44.000,2014.000,2024.000,-218.910,0.108,0.216,0.036,CB_3,5.000,2014.000,2024.000,-59.401,0.030,0.675,0.067
East,Donghae,NO3-_b_adj,44.000,2014.000,2024.000,-8568.146,4.243,0.066,0.078,CB_1,5.000,2014.000,2024.000,-2.826,0.003,0.988,0.000
East,Donghae,NO3-_b_adj,44.000,2014.000,2024.000,-8568.146,4.243,0.066,0.078,CB_2,5.000,2014.000,2024.000,299.812,-0.147,0.499,0.164
East,Donghae,NO3-_b_adj,44.000,2014.000,2024.000,-8568.146,4.243,0.066,0.078,CB_3,5.000,2014.000,2024.000,-59.401,0.030,0.675,0.067
East,Donghae,SAS_b_adj,44.000,2014.000,2024.000,-18287.144,9.056,0.098,0.064,CB_1,5.000,2014.000,2024.000,-2.826,0.003,0.988,0.000
East,Donghae,SAS_b_adj,44.000,2014.000,2024.000,-18287.144,9.056,0.098,0.064,CB_2,5.000,2014.000,2024.000,299.812,-0.147,0.499,0.164
East,Donghae,SAS_b_adj,44.000,2014.000,2024.000,-18287.144,9.056,0.098,0.064,CB_3,5.000,2014.000,2024.000,-59.401,0.030,0.675,0.067
East,Donghae,SS_b_adj,44.000,2014.000,2024.000,-513.939,0.255,0.082,0.070,CB_1,5.000,2014.000,2024.000,-2.826,0.003,0.988,0.000
East,Donghae,SS_b_adj,44.000,2014.000,2024.000,-513.939,0.255,0.082,0.070,CB_2,5.000,2014.000,2024.000,299.812,-0.147,0.499,0.164
East,Donghae,SS_b_adj,44.000,2014.000,2024.000,-513.939,0.255,0.082,0.070,CB_3,5.000,2014.000,2024.000,-59.401,0.030,0.675,0.067
East,Donghae,TN_b_adj,44.000,2014.000,2024.000,14040.709,-6.953,0.006,0.169,CB_1,5.000,2014.000,2024.000,-2.826,0.003,0.988,0.000
East,Donghae,TN_b_adj,44.000,2014.000,2024.000,14040.709,-6.953,0.006,0.169,CB_2,5.000,2014.000,2024.000,299.812,-0.147,0.499,0.164
East,Donghae,TN_b_adj,44.000,2014.000,2024.000,14040.709,-6.953,0.006,0.169,CB_3,5.000,2014.000,2024.000,-59.401,0.030,0.675,0.067
East,Donghae,TP_b_adj,44.000,2014.000,2024.000,-1419.453,0.703,0.041,0.096,CB_1,5.000,2014.000,2024.000,-2.826,0.003,0.988,0.000
East,Donghae,TP_b_adj,44.000,2014.000,2024.000,-1419.453,0.703,0.041,0.096,CB_2,5.000,2014.000,2024.000,299.812,-0.147,0.499,0.164
East,Donghae,TP_b_adj,44.000,2014.000,2024.000,-1419.453,0.703,0.041,0.096,CB_3,5.000,2014.000,2024.000,-59.401,0.030,0.675,0.067
East,Donghae,pH_b_adj,44.000,2014.000,2024.000,11.286,-0.006,0.245,0.032,CB_1,5.000,2014.000,2024.000,-2.826,0.003,0.988,0.000
East,Donghae,pH_b_adj,44.000,2014.000,2024.000,11.286,-0.006,0.245,0.032,CB_2,5.000,2014.000,2024.000,299.812,-0.147,0.499,0.164
East,Donghae,pH_b_adj,44.000,2014.000,2024.000,11.286,-0.006,0.245,0.032,CB_3,5.000,2014.000,2024.000,-59.401,0.030,0.675,0.067
East,Donghae,salinity_b_adj,44.000,2014.000,2024.000,20.434,-0.010,0.539,0.009,CB_1,5.000,2014.000,2024.000,-2.826,0.003,0.988,0.000
East,Donghae,salinity_b_adj,44.000,2014.000,2024.000,20.434,-0.010,0.539,0.009,CB_2,5.000,2014.000,2024.000,299.812,-0.147,0.499,0.164
East,Donghae,salinity_b_adj,44.000,2014.000,2024.000,20.434,-0.010,0.539,0.009,CB_3,5.000,2014.000,2024.000,-59.401,0.030,0.675,0.067
East,Donghae,temp_b_adj,44.000,2014.000,2024.000,-528.614,0.262,0.184,0.042,CB_1,5.000,2014.000,2024.000,-2.826,0.003,0.988,0.000
East,Donghae,temp_b_adj,44.000,2014.000,2024.000,-528.614,0.262,0.184,0.042,CB_2,5.000,2014.000,2024.000,299.812,-0.147,0.499,0.164
East,Donghae,temp_b_adj,44.000,2014.000,2024.000,-528.614,0.262,0.184,0.042,CB_3,5.000,2014.000,2024.000,-59.401,0.030,0.675,0.067
East,Gangneung,COD_b_adj,44.000,2014.000,2024.000,-153.528,0.076,0.001,0.222,CB_1,5.000,2014.000,2024.000,94.748,-0.044,0.789,0.028
East,Gangneung,COD_b_adj,44.000,2014.000,2024.000,-153.528,0.076,0.001,0.222,CB_2,5.000,2014.000,2024.000,-146.546,0.074,0.673,0.067
East,Gangneung,COD_b_adj,44.000,2014.000,2024.000,-153.528,0.076,0.001,0.222,CB_3,5.000,2014.000,2024.000,-21.693,0.012,0.802,0.024
East,Gangneung,Chla_b_adj,44.000,2014.000,2024.000,61.970,-0.031,0.527,0.010,CB_1,5.000,2014.000,2024.000,94.748,-0.044,0.789,0.028
East,Gangneung,Chla_b_adj,44.000,2014.000,2024.000,61.970,-0.031,0.527,0.010,CB_2,5.000,2014.000,2024.000,-146.546,0.074,0.673,0.067
East,Gangneung,Chla_b_adj,44.000,2014.000,2024.000,61.970,-0.031,0.527,0.010,CB_3,5.000,2014.000,2024.000,-21.693,0.012,0.802,0.024
East,Gangneung,DIN_b_adj,44.000,2014.000,2024.000,-9894.729,4.900,0.023,0.117,CB_1,5.000,2014.000,2024.000,94.748,-0.044,0.789,0.028
East,Gangneung,DIN_b_adj,44.000,2014.000,2024.000,-9894.729,4.900,0.023,0.117,CB_2,5.000,2014.000,2024.000,-146.546,0.074,0.673,0.067
East,Gangneung,DIN_b_adj,44.000,2014.000,2024.000,-9894.729,4.900,0.023,0.117,CB_3,5.000,2014.000,2024.000,-21.693,0.012,0.802,0.024
East,Gangneung,DIP_b_adj,44.000,2014.000,2024.000,-1352.490,0.670,0.044,0.093,CB_1,5.000,2014.000,2024.000,94.748,-0.044,0.789,0.028
East,Gangneung,DIP_b_adj,44.000,2014.000,2024.000,-1352.490,0.670,0.044,0.093,CB_2,5.000,2014.000,2024.000,-146.546,0.074,0.673,0.067
East,Gangneung,DIP_b_adj,44.000,2014.000,2024.000,-1352.490,0.670,0.044,0.093,CB_3,5.000,2014.000,2024.000,-21.693,0.012,0.802,0.024
East,Gangneung,DO_b_adj,44.000,2014.000,2024.000,173.447,-0.086,0.058,0.083,CB_1,5.000,2014.000,2024.000,94.748,-0.044,0.789,0.028
East,Gangneung,DO_b_adj,44.000,2014.000,2024.000,173.447,-0.086,0.058,0.083,CB_2,5.000,2014.000,2024.000,-146.546,0.074,0.673,0.067
East,Gangneung,DO_b_adj,44.000,2014.000,2024.000,173.447,-0.086,0.058,0.083,CB_3,5.000,2014.000,2024.000,-21.693,0.012,0.802,0.024
East,Gangneung,NH3-N_b_adj,44.000,2014.000,2024.000,-983.225,0.487,0.139,0.051,CB_1,5.000,2014.000,2024.000,94.748,-0.044,0.789,0.028
East,Gangneung,NH3-N_b_adj,44.000,2014.000,2024.000,-983.225,0.487,0.139,0.051,CB_2,5.000,2014.000,2024.000,-146.546,0.074,0.673,0.067
East,Gangneung,NH3-N_b_adj,44.000,2014.000,2024.000,-983.225,0.487,0.139,0.051,CB_3,5.000,2014.000,2024.000,-21.693,0.012,0.802,0.024
East,Gangneung,NO2-_b_adj,44.000,2014.000,2024.000,-365.999,0.181,0.058,0.083,CB_1,5.000,2014.000,2024.000,94.748,-0.044,0.789,0.028
East,Gangneung,NO2-_b_adj,44.000,2014.000,2024.000,-365.999,0.181,0.058,0.083,CB_2,5.000,2014.000,2024.000,-146.546,0.074,0.673,0.067
East,Gangneung,NO2-_b_adj,44.000,2014.000,2024.000,-365.999,0.181,0.058,0.083,CB_3,5.000,2014.000,2024.000,-21.693,0.012,0.802,0.024
East,Gangneung,NO3-_b_adj,44.000,2014.000,2024.000,-8586.672,4.252,0.034,0.103,CB_1,5.000,2014.000,2024.000,94.748,-0.044,0.789,0.028
East,Gangneung,NO3-_b_adj,44.000,2014.000,2024.000,-8586.672,4.252,0.034,0.103,CB_2,5.000,2014.000,2024.000,-146.546,0.074,0.673,0.067
East,Gangneung,NO3-_b_adj,44.000,2014.000,2024.000,-8586.672,4.252,0.034,0.103,CB_3,5.000,2014.000,2024.000,-21.693,0.012,0.802,0.024
East,Gangneung,SAS_b_adj,44.000,2014.000,2024.000,-19028.441,9.423,0.048,0.090,CB_1,5.000,2014.000,2024.000,94.748,-0.044,0.789,0.028
East,Gangneung,SAS_b_adj,44.000,2014.000,2024.000,-19028.441,9.423,0.048,0.090,CB_2,5.000,2014.000,2024.000,-146.546,0.074,0.673,0.067
East,Gangneung,SAS_b_adj,44.000,2014.000,2024.000,-19028.441,9.423,0.048,0.090,CB_3,5.000,2014.000,2024.000,-21.693,0.012,0.802,0.024
East,Gangneung,SS_b_adj,44.000,2014.000,2024.000,-577.211,0.286,0.028,0.110,CB_1,5.000,2014.000,2024.000,94.748,-0.044,0.789,0.028
East,Gangneung,SS_b_adj,44.000,2014.000,2024.000,-577.211,0.286,0.028,0.110,CB_2,5.000,2014.000,2024.000,-146.546,0.074,0.673,0.067
East,Gangneung,SS_b_adj,44.000,2014.000,2024.000,-577.211,0.286,0.028,0.110,CB_3,5.000,2014.000,2024.000,-21.693,0.012,0.802,0.024
East,Gangneung,TN_b_adj,44.000,2014.000,2024.000,9913.261,-4.909,0.013,0.138,CB_1,5.000,2014.000,2024.000,94.748,-0.044,0.789,0.028
East,Gangneung,TN_b_adj,44.000,2014.000,2024.000,9913.261,-4.909,0.013,0.138,CB_2,5.000,2014.000,2024.000,-146.546,0.074,0.673,0.067
East,Gangneung,TN_b_adj,44.000,2014.000,2024.000,9913.261,-4.909,0.013,0.138,CB_3,5.000,2014.000,2024.000,-21.693,0.012,0.802,0.024
East,Gangneung,TP_b_adj,44.000,2014.000,2024.000,-1457.252,0.722,0.039,0.097,CB_1,5.000,2014.000,2024.000,94.748,-0.044,0.789,0.028
East,Gangneung,TP_b_adj,44.000,2014.000,2024.000,-1457.252,0.722,0.039,0.097,CB_2,5.000,2014.000,2024.000,-146.546,0.074,0.673,0.067
East,Gangneung,TP_b_adj,44.000,2014.000,2024.000,-1457.252,0.722,0.039,0.097,CB_3,5.000,2014.000,2024.000,-21.693,0.012,0.802,0.024
East,Gangneung,pH_b_adj,44.000,2014.000,2024.000,7.525,-0.004,0.316,0.024,CB_1,5.000,2014.000,2024.000,94.748,-0.044,0.789,0.028
East,Gangneung,pH_b_adj,44.000,2014.000,2024.000,7.525,-0.004,0.316,0.024,CB_2,5.000,2014.000,2024.000,-146.546,0.074,0.673,0.067
East,Gangneung,pH_b_adj,44.000,2014.000,2024.000,7.525,-0.004,0.316,0.024,CB_3,5.000,2014.000,2024.000,-21.693,0.012,0.802,0.024
East,Gangneung,salinity_b_adj,44.000,2014.000,2024.000,30.763,-0.015,0.491,0.011,CB_1,5.000,2014.000,2024.000,94.748,-0.044,0.789,0.028
East,Gangneung,salinity_b_adj,44.000,2014.000,2024.000,30.763,-0.015,0.491,0.011,CB_2,5.000,2014.000,2024.000,-146.546,0.074,0.673,0.067
East,Gangneung,salinity_b_adj,44.000,2014.000,2024.000,30.763,-0.015,0.491,0.011,CB_3,5.000,2014.000,2024.000,-21.693,0.012,0.802,0.024
East,Gangneung,temp_b_adj,44.000,2014.000,2024.000,-296.520,0.147,0.513,0.010,CB_1,5.000,2014.000,2024.000,94.748,-0.044,0.789,0.028
East,Gangneung,temp_b_adj,44.000,2014.000,2024.000,-296.520,0.147,0.513,0.010,CB_2,5.000,2014.000,2024.000,-146.546,0.074,0.673,0.067
East,Gangneung,temp_b_adj,44.000,2014.000,2024.000,-296.520,0.147,0.513,0.010,CB_3,5.000,2014.000,2024.000,-21.693,0.012,0.802,0.024
East,Gosung,COD_b_adj,44.000,2014.000,2024.000,-119.207,0.059,0.016,0.130,CB_1,3.000,2014.000,2024.000,769.889,-0.379,0.139,0.953
East,Gosung,COD_b_adj,44.000,2014.000,2024.000,-119.207,0.059,0.016,0.130,CB_2,3.000,2014.000,2024.000,762.776,-0.376,0.380,0.684
East,Gosung,COD_b_adj,44.000,2014.000,2024.000,-119.207,0.059,0.016,0.130,CB_3,3.000,2014.000,2024.000,235.498,-0.116,0.367,0.703
East,Gosung,Chla_b_adj,44.000,2014.000,2024.000,-70.770,0.035,0.434,0.015,CB_1,3.000,2014.000,2024.000,769.889,-0.379,0.139,0.953
East,Gosung,Chla_b_adj,44.000,2014.000,2024.000,-70.770,0.035,0.434,0.015,CB_2,3.000,2014.000,2024.000,762.776,-0.376,0.380,0.684
East,Gosung,Chla_b_adj,44.000,2014.000,2024.000,-70.770,0.035,0.434,0.015,CB_3,3.000,2014.000,2024.000,235.498,-0.116,0.367,0.703
East,Gosung,DIN_b_adj,44.000,2014.000,2024.000,3340.143,-1.654,0.315,0.024,CB_1,3.000,2014.000,2024.000,769.889,-0.379,0.139,0.953
East,Gosung,DIN_b_adj,44.000,2014.000,2024.000,3340.143,-1.654,0.315,0.024,CB_2,3.000,2014.000,2024.000,762.776,-0.376,0.380,0.684
East,Gosung,DIN_b_adj,44.000,2014.000,2024.000,3340.143,-1.654,0.315,0.024,CB_3,3.000,2014.000,2024.000,235.498,-0.116,0.367,0.703
East,Gosung,DIP_b_adj,44.000,2014.000,2024.000,619.055,-0.307,0.270,0.029,CB_1,3.000,2014.000,2024.000,769.889,-0.379,0.139,0.953
East,Gosung,DIP_b_adj,44.000,2014.000,2024.000,619.055,-0.307,0.270,0.029,CB_2,3.000,2014.000,2024.000,762.776,-0.376,0.380,0.684
East,Gosung,DIP_b_adj,44.000,2014.000,2024.000,619.055,-0.307,0.270,0.029,CB_3,3.000,2014.000,2024.000,235.498,-0.116,0.367,0.703
East,Gosung,DO_b_adj,44.000,2014.000,2024.000,9.646,-0.005,0.929,0.000,CB_1,3.000,2014.000,2024.000,769.889,-0.379,0.139,0.953
East,Gosung,DO_b_adj,44.000,2014.000,2024.000,9.646,-0.005,0.929,0.000,CB_2,3.000,2014.000,2024.000,762.776,-0.376,0.380,0.684
East,Gosung,DO_b_adj,44.000,2014.000,2024.000,9.646,-0.005,0.929,0.000,CB_3,3.000,2014.000,2024.000,235.498,-0.116,0.367,0.703
East,Gosung,NH3-N_b_adj,44.000,2014.000,2024.000,430.228,-0.213,0.484,0.012,CB_1,3.000,2014.000,2024.000,769.889,-0.379,0.139,0.953
East,Gosung,NH3-N_b_adj,44.000,2014.000,2024.000,430.228,-0.213,0.484,0.012,CB_2,3.000,2014.000,2024.000,762.776,-0.376,0.380,0.684
East,Gosung,NH3-N_b_adj,44.000,2014.000,2024.000,430.228,-0.213,0.484,0.012,CB_3,3.000,2014.000,2024.000,235.498,-0.116,0.367,0.703
East,Gosung,NO2-_b_adj,44.000,2014.000,2024.000,77.602,-0.038,0.596,0.007,CB_1,3.000,2014.000,2024.000,769.889,-0.379,0.139,0.953
East,Gosung,NO2-_b_adj,44.000,2014.000,2024.000,77.602,-0.038,0.596,0.007,CB_2,3.000,2014.000,2024.000,762.776,-0.376,0.380,0.684
East,Gosung,NO2-_b_adj,44.000,2014.000,2024.000,77.602,-0.038,0.596,0.007,CB_3,3.000,2014.000,2024.000,235.498,-0.116,0.367,0.703
East,Gosung,NO3-_b_adj,44.000,2014.000,2024.000,2827.706,-1.400,0.367,0.019,CB_1,3.000,2014.000,2024.000,769.889,-0.379,0.139,0.953
East,Gosung,NO3-_b_adj,44.000,2014.000,2024.000,2827.706,-1.400,0.367,0.019,CB_2,3.000,2014.000,2024.000,762.776,-0.376,0.380,0.684
East,Gosung,NO3-_b_adj,44.000,2014.000,2024.000,2827.706,-1.400,0.367,0.019,CB_3,3.000,2014.000,2024.000,235.498,-0.116,0.367,0.703
East,Gosung,SAS_b_adj,44.000,2014.000,2024.000,9820.109,-4.863,0.270,0.029,CB_1,3.000,2014.000,2024.000,769.889,-0.379,0.139,0.953
East,Gosung,SAS_b_adj,44.000,2014.000,2024.000,9820.109,-4.863,0.270,0.029,CB_2,3.000,2014.000,2024.000,762.776,-0.376,0.380,0.684
East,Gosung,SAS_b_adj,44.000,2014.000,2024.000,9820.109,-4.863,0.270,0.029,CB_3,3.000,2014.000,2024.000,235.498,-0.116,0.367,0.703
East,Gosung,SS_b_adj,44.000,2014.000,2024.000,728.635,-0.361,0.090,0.067,CB_1,3.000,2014.000,2024.000,769.889,-0.379,0.139,0.953
East,Gosung,SS_b_adj,44.000,2014.000,2024.000,728.635,-0.361,0.090,0.067,CB_2,3.000,2014.000,2024.000,762.776,-0.376,0.380,0.684
East,Gosung,SS_b_adj,44.000,2014.000,2024.000,728.635,-0.361,0.090,0.067,CB_3,3.000,2014.000,2024.000,235.498,-0.116,0.367,0.703
East,Gosung,TN_b_adj,44.000,2014.000,2024.000,7994.471,-3.959,0.028,0.109,CB_1,3.000,2014.000,2024.000,769.889,-0.379,0.139,0.953
East,Gosung,TN_b_adj,44.000,2014.000,2024.000,7994.471,-3.959,0.028,0.109,CB_2,3.000,2014.000,2024.000,762.776,-0.376,0.380,0.684
East,Gosung,TN_b_adj,44.000,2014.000,2024.000,7994.471,-3.959,0.028,0.109,CB_3,3.000,2014.000,2024.000,235.498,-0.116,0.367,0.703
East,Gosung,TP_b_adj,44.000,2014.000,2024.000,378.302,-0.187,0.515,0.010,CB_1,3.000,2014.000,2024.000,769.889,-0.379,0.139,0.953
East,Gosung,TP_b_adj,44.000,2014.000,2024.000,378.302,-0.187,0.515,0.010,CB_2,3.000,2014.000,2024.000,762.776,-0.376,0.380,0.684
East,Gosung,TP_b_adj,44.000,2014.000,2024.000,378.302,-0.187,0.515,0.010,CB_3,3.000,2014.000,2024.000,235.498,-0.116,0.367,0.703
East,Gosung,pH_b_adj,44.000,2014.000,2024.000,-0.117,0.000,0.988,0.000,CB_1,3.000,2014.000,2024.000,769.889,-0.379,0.139,0.953
East,Gosung,pH_b_adj,44.000,2014.000,2024.000,-0.117,0.000,0.988,0.000,CB_2,3.000,2014.000,2024.000,762.776,-0.376,0.380,0.684
East,Gosung,pH_b_adj,44.000,2014.000,2024.000,-0.117,0.000,0.988,0.000,CB_3,3.000,2014.000,2024.000,235.498,-0.116,0.367,0.703
East,Gosung,salinity_b_adj,44.000,2014.000,2024.000,50.004,-0.025,0.355,0.020,CB_1,3.000,2014.000,2024.000,769.889,-0.379,0.139,0.953
East,Gosung,salinity_b_adj,44.000,2014.000,2024.000,50.004,-0.025,0.355,0.020,CB_2,3.000,2014.000,2024.000,762.776,-0.376,0.380,0.684
East,Gosung,salinity_b_adj,44.000,2014.000,2024.000,50.004,-0.025,0.355,0.020,CB_3,3.000,2014.000,2024.000,235.498,-0.116,0.367,0.703
East,Gosung,temp_b_adj,44.000,2014.000,2024.000,-404.073,0.200,0.513,0.010,CB_1,3.000,2014.000,2024.000,769.889,-0.379,0.139,0.953
East,Gosung,temp_b_adj,44.000,2014.000,2024.000,-404.073,0.200,0.513,0.010,CB_2,3.000,2014.000,2024.000,762.776,-0.376,0.380,0.684
East,Gosung,temp_b_adj,44.000,2014.000,2024.000,-404.073,0.200,0.513,0.010,CB_3,3.000,2014.000,2024.000,235.498,-0.116,0.367,0.703
East,Samchuk,COD_b_adj,44.000,2014.000,2024.000,-135.441,0.067,0.014,0.135,CB_1,5.000,2014.000,2024.000,57.570,-0.027,0.751,0.039
East,Samchuk,COD_b_adj,44.000,2014.000,2024.000,-135.441,0.067,0.014,0.135,CB_2,5.000,2014.000,2024.000,119.769,-0.058,0.649,0.078
East,Samchuk,COD_b_adj,44.000,2014.000,2024.000,-135.441,0.067,0.014,0.135,CB_3,5.000,2014.000,2024.000,313.813,-0.155,0.167,0.523
East,Samchuk,Chla_b_adj,44.000,2014.000,2024.000,-82.316,0.041,0.507,0.011,CB_1,5.000,2014.000,2024.000,57.570,-0.027,0.751,0.039
East,Samchuk,Chla_b_adj,44.000,2014.000,2024.000,-82.316,0.041,0.507,0.011,CB_2,5.000,2014.000,2024.000,119.769,-0.058,0.649,0.078
East,Samchuk,Chla_b_adj,44.000,2014.000,2024.000,-82.316,0.041,0.507,0.011,CB_3,5.000,2014.000,2024.000,313.813,-0.155,0.167,0.523
East,Samchuk,DIN_b_adj,44.000,2014.000,2024.000,-10404.178,5.152,0.033,0.104,CB_1,5.000,2014.000,2024.000,57.570,-0.027,0.751,0.039
East,Samchuk,DIN_b_adj,44.000,2014.000,2024.000,-10404.178,5.152,0.033,0.104,CB_2,5.000,2014.000,2024.000,119.769,-0.058,0.649,0.078
East,Samchuk,DIN_b_adj,44.000,2014.000,2024.000,-10404.178,5.152,0.033,0.104,CB_3,5.000,2014.000,2024.000,313.813,-0.155,0.167,0.523
East,Samchuk,DIP_b_adj,44.000,2014.000,2024.000,-1147.435,0.568,0.132,0.053,CB_1,5.000,2014.000,2024.000,57.570,-0.027,0.751,0.039
East,Samchuk,DIP_b_adj,44.000,2014.000,2024.000,-1147.435,0.568,0.132,0.053,CB_2,5.000,2014.000,2024.000,119.769,-0.058,0.649,0.078
East,Samchuk,DIP_b_adj,44.000,2014.000,2024.000,-1147.435,0.568,0.132,0.053,CB_3,5.000,2014.000,2024.000,313.813,-0.155,0.167,0.523
East,Samchuk,DO_b_adj,44.000,2014.000,2024.000,158.248,-0.078,0.116,0.058,CB_1,5.000,2014.000,2024.000,57.570,-0.027,0.751,0.039
East,Samchuk,DO_b_adj,44.000,2014.000,2024.000,158.248,-0.078,0.116,0.058,CB_2,5.000,2014.000,2024.000,119.769,-0.058,0.649,0.078
East,Samchuk,DO_b_adj,44.000,2014.000,2024.000,158.248,-0.078,0.116,0.058,CB_3,5.000,2014.000,2024.000,313.813,-0.155,0.167,0.523
East,Samchuk,NH3-N_b_adj,44.000,2014.000,2024.000,-550.125,0.272,0.310,0.025,CB_1,5.000,2014.000,2024.000,57.570,-0.027,0.751,0.039
East,Samchuk,NH3-N_b_adj,44.000,2014.000,2024.000,-550.125,0.272,0.310,0.025,CB_2,5.000,2014.000,2024.000,119.769,-0.058,0.649,0.078
East,Samchuk,NH3-N_b_adj,44.000,2014.000,2024.000,-550.125,0.272,0.310,0.025,CB_3,5.000,2014.000,2024.000,313.813,-0.155,0.167,0.523
East,Samchuk,NO2-_b_adj,44.000,2014.000,2024.000,-108.495,0.054,0.542,0.009,CB_1,5.000,2014.000,2024.000,57.570,-0.027,0.751,0.039
East,Samchuk,NO2-_b_adj,44.000,2014.000,2024.000,-108.495,0.054,0.542,0.009,CB_2,5.000,2014.000,2024.000,119.769,-0.058,0.649,0.078
East,Samchuk,NO2-_b_adj,44.000,2014.000,2024.000,-108.495,0.054,0.542,0.009,CB_3,5.000,2014.000,2024.000,313.813,-0.155,0.167,0.523
East,Samchuk,NO3-_b_adj,44.000,2014.000,2024.000,-9743.839,4.825,0.041,0.096,CB_1,5.000,2014.000,2024.000,57.570,-0.027,0.751,0.039
East,Samchuk,NO3-_b_adj,44.000,2014.000,2024.000,-9743.839,4.825,0.041,0.096,CB_2,5.000,2014.000,2024.000,119.769,-0.058,0.649,0.078
East,Samchuk,NO3-_b_adj,44.000,2014.000,2024.000,-9743.839,4.825,0.041,0.096,CB_3,5.000,2014.000,2024.000,313.813,-0.155,0.167,0.523
East,Samchuk,SAS_b_adj,44.000,2014.000,2024.000,-21809.491,10.800,0.065,0.079,CB_1,5.000,2014.000,2024.000,57.570,-0.027,0.751,0.039
East,Samchuk,SAS_b_adj,44.000,2014.000,2024.000,-21809.491,10.800,0.065,0.079,CB_2,5.000,2014.000,2024.000,119.769,-0.058,0.649,0.078
East,Samchuk,SAS_b_adj,44.000,2014.000,2024.000,-21809.491,10.800,0.065,0.079,CB_3,5.000,2014.000,2024.000,313.813,-0.155,0.167,0.523
East,Samchuk,SS_b_adj,44.000,2014.000,2024.000,0.539,-0.000,0.999,0.000,CB_1,5.000,2014.000,2024.000,57.570,-0.027,0.751,0.039
East,Samchuk,SS_b_adj,44.000,2014.000,2024.000,0.539,-0.000,0.999,0.000,CB_2,5.000,2014.000,2024.000,119.769,-0.058,0.649,0.078
East,Samchuk,SS_b_adj,44.000,2014.000,2024.000,0.539,-0.000,0.999,0.000,CB_3,5.000,2014.000,2024.000,313.813,-0.155,0.167,0.523
East,Samchuk,TN_b_adj,44.000,2014.000,2024.000,4951.494,-2.452,0.298,0.026,CB_1,5.000,2014.000,2024.000,57.570,-0.027,0.751,0.039
East,Samchuk,TN_b_adj,44.000,2014.000,2024.000,4951.494,-2.452,0.298,0.026,CB_2,5.000,2014.000,2024.000,119.769,-0.058,0.649,0.078
East,Samchuk,TN_b_adj,44.000,2014.000,2024.000,4951.494,-2.452,0.298,0.026,CB_3,5.000,2014.000,2024.000,313.813,-0.155,0.167,0.523
East,Samchuk,TP_b_adj,44.000,2014.000,2024.000,-1472.442,0.729,0.053,0.086,CB_1,5.000,2014.000,2024.000,57.570,-0.027,0.751,0.039
East,Samchuk,TP_b_adj,44.000,2014.000,2024.000,-1472.442,0.729,0.053,0.086,CB_2,5.000,2014.000,2024.000,119.769,-0.058,0.649,0.078
East,Samchuk,TP_b_adj,44.000,2014.000,2024.000,-1472.442,0.729,0.053,0.086,CB_3,5.000,2014.000,2024.000,313.813,-0.155,0.167,0.523
East,Samchuk,pH_b_adj,44.000,2014.000,2024.000,8.518,-0.004,0.301,0.025,CB_1,5.000,2014.000,2024.000,57.570,-0.027,0.751,0.039
East,Samchuk,pH_b_adj,44.000,2014.000,2024.000,8.518,-0.004,0.301,0.025,CB_2,5.000,2014.000,2024.000,119.769,-0.058,0.649,0.078
East,Samchuk,pH_b_adj,44.000,2014.000,2024.000,8.518,-0.004,0.301,0.025,CB_3,5.000,2014.000,2024.000,313.813,-0.155,0.167,0.523
East,Samchuk,salinity_b_adj,44.000,2014.000,2024.000,-16.030,0.008,0.747,0.003,CB_1,5.000,2014.000,2024.000,57.570,-0.027,0.751,0.039
East,Samchuk,salinity_b_adj,44.000,2014.000,2024.000,-16.030,0.008,0.747,0.003,CB_2,5.000,2014.000,2024.000,119.769,-0.058,0.649,0.078
East,Samchuk,salinity_b_adj,44.000,2014.000,2024.000,-16.030,0.008,0.747,0.003,CB_3,5.000,2014.000,2024.000,313.813,-0.155,0.167,0.523
East,Samchuk,temp_b_adj,44.000,2014.000,2024.000,118.437,-0.059,0.780,0.002,CB_1,5.000,2014.000,2024.000,57.570,-0.027,0.751,0.039
East,Samchuk,temp_b_adj,44.000,2014.000,2024.000,118.437,-0.059,0.780,0.002,CB_2,5.000,2014.000,2024.000,119.769,-0.058,0.649,0.078
East,Samchuk,temp_b_adj,44.000,2014.000,2024.000,118.437,-0.059,0.780,0.002,CB_3,5.000,2014.000,2024.000,313.813,-0.155,0.167,0.523
East,Sokcho,COD_b_adj,44.000,2014.000,2024.000,-199.546,0.099,0.000,0.289,CB_1,4.000,2014.000,2022.000,-409.047,0.203,0.117,0.780
East,Sokcho,COD_b_adj,44.000,2014.000,2024.000,-199.546,0.099,0.000,0.289,CB_2,4.000,2014.000,2022.000,290.098,-0.143,0.275,0.525
East,Sokcho,COD_b_adj,44.000,2014.000,2024.000,-199.546,0.099,0.000,0.289,CB_3,4.000,2014.000,2022.000,-114.664,0.057,0.090,0.828
East,Sokcho,Chla_b_adj,44.000,2014.000,2024.000,-56.887,0.028,0.539,0.009,CB_1,4.000,2014.000,2022.000,-409.047,0.203,0.117,0.780
East,Sokcho,Chla_b_adj,44.000,2014.000,2024.000,-56.887,0.028,0.539,0.009,CB_2,4.000,2014.000,2022.000,290.098,-0.143,0.275,0.525
East,Sokcho,Chla_b_adj,44.000,2014.000,2024.000,-56.887,0.028,0.539,0.009,CB_3,4.000,2014.000,2022.000,-114.664,0.057,0.090,0.828
East,Sokcho,DIN_b_adj,44.000,2014.000,2024.000,-5025.679,2.489,0.311,0.024,CB_1,4.000,2014.000,2022.000,-409.047,0.203,0.117,0.780
East,Sokcho,DIN_b_adj,44.000,2014.000,2024.000,-5025.679,2.489,0.311,0.024,CB_2,4.000,2014.000,2022.000,290.098,-0.143,0.275,0.525
East,Sokcho,DIN_b_adj,44.000,2014.000,2024.000,-5025.679,2.489,0.311,0.024,CB_3,4.000,2014.000,2022.000,-114.664,0.057,0.090,0.828
East,Sokcho,DIP_b_adj,44.000,2014.000,2024.000,-663.273,0.328,0.416,0.016,CB_1,4.000,2014.000,2022.000,-409.047,0.203,0.117,0.780
East,Sokcho,DIP_b_adj,44.000,2014.000,2024.000,-663.273,0.328,0.416,0.016,CB_2,4.000,2014.000,2022.000,290.098,-0.143,0.275,0.525
East,Sokcho,DIP_b_adj,44.000,2014.000,2024.000,-663.273,0.328,0.416,0.016,CB_3,4.000,2014.000,2022.000,-114.664,0.057,0.090,0.828
East,Sokcho,DO_b_adj,44.000,2014.000,2024.000,55.963,-0.028,0.596,0.007,CB_1,4.000,2014.000,2022.000,-409.047,0.203,0.117,0.780
East,Sokcho,DO_b_adj,44.000,2014.000,2024.000,55.963,-0.028,0.596,0.007,CB_2,4.000,2014.000,2022.000,290.098,-0.143,0.275,0.525
East,Sokcho,DO_b_adj,44.000,2014.000,2024.000,55.963,-0.028,0.596,0.007,CB_3,4.000,2014.000,2022.000,-114.664,0.057,0.090,0.828
East,Sokcho,NH3-N_b_adj,44.000,2014.000,2024.000,-1267.755,0.628,0.101,0.063,CB_1,4.000,2014.000,2022.000,-409.047,0.203,0.117,0.780
East,Sokcho,NH3-N_b_adj,44.000,2014.000,2024.000,-1267.755,0.628,0.101,0.063,CB_2,4.000,2014.000,2022.000,290.098,-0.143,0.275,0.525
East,Sokcho,NH3-N_b_adj,44.000,2014.000,2024.000,-1267.755,0.628,0.101,0.063,CB_3,4.000,2014.000,2022.000,-114.664,0.057,0.090,0.828
East,Sokcho,NO2-_b_adj,44.000,2014.000,2024.000,-136.939,0.068,0.399,0.017,CB_1,4.000,2014.000,2022.000,-409.047,0.203,0.117,0.780
East,Sokcho,NO2-_b_adj,44.000,2014.000,2024.000,-136.939,0.068,0.399,0.017,CB_2,4.000,2014.000,2022.000,290.098,-0.143,0.275,0.525
East,Sokcho,NO2-_b_adj,44.000,2014.000,2024.000,-136.939,0.068,0.399,0.017,CB_3,4.000,2014.000,2022.000,-114.664,0.057,0.090,0.828
East,Sokcho,NO3-_b_adj,44.000,2014.000,2024.000,-3621.025,1.793,0.440,0.014,CB_1,4.000,2014.000,2022.000,-409.047,0.203,0.117,0.780
East,Sokcho,NO3-_b_adj,44.000,2014.000,2024.000,-3621.025,1.793,0.440,0.014,CB_2,4.000,2014.000,2022.000,290.098,-0.143,0.275,0.525
East,Sokcho,NO3-_b_adj,44.000,2014.000,2024.000,-3621.025,1.793,0.440,0.014,CB_3,4.000,2014.000,2022.000,-114.664,0.057,0.090,0.828
East,Sokcho,SAS_b_adj,44.000,2014.000,2024.000,-7789.936,3.858,0.487,0.012,CB_1,4.000,2014.000,2022.000,-409.047,0.203,0.117,0.780
East,Sokcho,SAS_b_adj,44.000,2014.000,2024.000,-7789.936,3.858,0.487,0.012,CB_2,4.000,2014.000,2022.000,290.098,-0.143,0.275,0.525
East,Sokcho,SAS_b_adj,44.000,2014.000,2024.000,-7789.936,3.858,0.487,0.012,CB_3,4.000,2014.000,2022.000,-114.664,0.057,0.090,0.828
East,Sokcho,SS_b_adj,44.000,2014.000,2024.000,-441.840,0.219,0.174,0.044,CB_1,4.000,2014.000,2022.000,-409.047,0.203,0.117,0.780
East,Sokcho,SS_b_adj,44.000,2014.000,2024.000,-441.840,0.219,0.174,0.044,CB_2,4.000,2014.000,2022.000,290.098,-0.143,0.275,0.525
East,Sokcho,SS_b_adj,44.000,2014.000,2024.000,-441.840,0.219,0.174,0.044,CB_3,4.000,2014.000,2022.000,-114.664,0.057,0.090,0.828
East,Sokcho,TN_b_adj,44.000,2014.000,2024.000,12383.522,-6.132,0.018,0.125,CB_1,4.000,2014.000,2022.000,-409.047,0.203,0.117,0.780
East,Sokcho,TN_b_adj,44.000,2014.000,2024.000,12383.522,-6.132,0.018,0.125,CB_2,4.000,2014.000,2022.000,290.098,-0.143,0.275,0.525
East,Sokcho,TN_b_adj,44.000,2014.000,2024.000,12383.522,-6.132,0.018,0.125,CB_3,4.000,2014.000,2022.000,-114.664,0.057,0.090,0.828
East,Sokcho,TP_b_adj,44.000,2014.000,2024.000,-618.236,0.306,0.415,0.016,CB_1,4.000,2014.000,2022.000,-409.047,0.203,0.117,0.780
East,Sokcho,TP_b_adj,44.000,2014.000,2024.000,-618.236,0.306,0.415,0.016,CB_2,4.000,2014.000,2022.000,290.098,-0.143,0.275,0.525
East,Sokcho,TP_b_adj,44.000,2014.000,2024.000,-618.236,0.306,0.415,0.016,CB_3,4.000,2014.000,2022.000,-114.664,0.057,0.090,0.828
East,Sokcho,pH_b_adj,44.000,2014.000,2024.000,2.934,-0.001,0.737,0.003,CB_1,4.000,2014.000,2022.000,-409.047,0.203,0.117,0.780
East,Sokcho,pH_b_adj,44.000,2014.000,2024.000,2.934,-0.001,0.737,0.003,CB_2,4.000,2014.000,2022.000,290.098,-0.143,0.275,0.525
East,Sokcho,pH_b_adj,44.000,2014.000,2024.000,2.934,-0.001,0.737,0.003,CB_3,4.000,2014.000,2022.000,-114.664,0.057,0.090,0.828
East,Sokcho,salinity_b_adj,44.000,2014.000,2024.000,34.580,-0.017,0.313,0.024,CB_1,4.000,2014.000,2022.000,-409.047,0.203,0.117,0.780
East,Sokcho,salinity_b_adj,44.000,2014.000,2024.000,34.580,-0.017,0.313,0.024,CB_2,4.000,2014.000,2022.000,290.098,-0.143,0.275,0.525
East,Sokcho,salinity_b_adj,44.000,2014.000,2024.000,34.580,-0.017,0.313,0.024,CB_3,4.000,2014.000,2022.000,-114.664,0.057,0.090,0.828
East,Sokcho,temp_b_adj,44.000,2014.000,2024.000,-286.761,0.142,0.526,0.010,CB_1,4.000,2014.000,2022.000,-409.047,0.203,0.117,0.780
East,Sokcho,temp_b_adj,44.000,2014.000,2024.000,-286.761,0.142,0.526,0.010,CB_2,4.000,2014.000,2022.000,290.098,-0.143,0.275,0.525
East,Sokcho,temp_b_adj,44.000,2014.000,2024.000,-286.761,0.142,0.526,0.010,CB_3,4.000,2014.000,2022.000,-114.664,0.057,0.090,0.828
Jeju,Daejung,COD_b_adj,44.000,2014.000,2024.000,-101.341,0.050,0.132,0.053,CB_1,3.000,2016.000,2023.000,56.233,-0.023,0.692,0.217
Jeju,Daejung,COD_b_adj,44.000,2014.000,2024.000,-101.341,0.050,0.132,0.053,CB_2,3.000,2016.000,2023.000,-240.895,0.121,0.705,0.200
Jeju,Daejung,COD_b_adj,44.000,2014.000,2024.000,-101.341,0.050,0.132,0.053,CB_3,3.000,2016.000,2023.000,108.251,-0.052,0.886,0.032
Jeju,Daejung,Chla_b_adj,44.000,2014.000,2024.000,35.523,-0.018,0.572,0.008,CB_1,3.000,2016.000,2023.000,56.233,-0.023,0.692,0.217
Jeju,Daejung,Chla_b_adj,44.000,2014.000,2024.000,35.523,-0.018,0.572,0.008,CB_2,3.000,2016.000,2023.000,-240.895,0.121,0.705,0.200
Jeju,Daejung,Chla_b_adj,44.000,2014.000,2024.000,35.523,-0.018,0.572,0.008,CB_3,3.000,2016.000,2023.000,108.251,-0.052,0.886,0.032
Jeju,Daejung,DIN_b_adj,44.000,2014.000,2024.000,1909.708,-0.946,0.484,0.012,CB_1,3.000,2016.000,2023.000,56.233,-0.023,0.692,0.217
Jeju,Daejung,DIN_b_adj,44.000,2014.000,2024.000,1909.708,-0.946,0.484,0.012,CB_2,3.000,2016.000,2023.000,-240.895,0.121,0.705,0.200
Jeju,Daejung,DIN_b_adj,44.000,2014.000,2024.000,1909.708,-0.946,0.484,0.012,CB_3,3.000,2016.000,2023.000,108.251,-0.052,0.886,0.032
Jeju,Daejung,DIP_b_adj,44.000,2014.000,2024.000,206.809,-0.102,0.613,0.006,CB_1,3.000,2016.000,2023.000,56.233,-0.023,0.692,0.217
Jeju,Daejung,DIP_b_adj,44.000,2014.000,2024.000,206.809,-0.102,0.613,0.006,CB_2,3.000,2016.000,2023.000,-240.895,0.121,0.705,0.200
Jeju,Daejung,DIP_b_adj,44.000,2014.000,2024.000,206.809,-0.102,0.613,0.006,CB_3,3.000,2016.000,2023.000,108.251,-0.052,0.886,0.032
Jeju,Daejung,DO_b_adj,44.000,2014.000,2024.000,3.516,-0.002,0.970,0.000,CB_1,3.000,2016.000,2023.000,56.233,-0.023,0.692,0.217
Jeju,Daejung,DO_b_adj,44.000,2014.000,2024.000,3.516,-0.002,0.970,0.000,CB_2,3.000,2016.000,2023.000,-240.895,0.121,0.705,0.200
Jeju,Daejung,DO_b_adj,44.000,2014.000,2024.000,3.516,-0.002,0.970,0.000,CB_3,3.000,2016.000,2023.000,108.251,-0.052,0.886,0.032
Jeju,Daejung,NH3-N_b_adj,44.000,2014.000,2024.000,-295.339,0.146,0.845,0.001,CB_1,3.000,2016.000,2023.000,56.233,-0.023,0.692,0.217
Jeju,Daejung,NH3-N_b_adj,44.000,2014.000,2024.000,-295.339,0.146,0.845,0.001,CB_2,3.000,2016.000,2023.000,-240.895,0.121,0.705,0.200
Jeju,Daejung,NH3-N_b_adj,44.000,2014.000,2024.000,-295.339,0.146,0.845,0.001,CB_3,3.000,2016.000,2023.000,108.251,-0.052,0.886,0.032
Jeju,Daejung,NO2-_b_adj,44.000,2014.000,2024.000,-13.138,0.007,0.917,0.000,CB_1,3.000,2016.000,2023.000,56.233,-0.023,0.692,0.217
Jeju,Daejung,NO2-_b_adj,44.000,2014.000,2024.000,-13.138,0.007,0.917,0.000,CB_2,3.000,2016.000,2023.000,-240.895,0.121,0.705,0.200
Jeju,Daejung,NO2-_b_adj,44.000,2014.000,2024.000,-13.138,0.007,0.917,0.000,CB_3,3.000,2016.000,2023.000,108.251,-0.052,0.886,0.032
Jeju,Daejung,NO3-_b_adj,44.000,2014.000,2024.000,2220.680,-1.100,0.297,0.026,CB_1,3.000,2016.000,2023.000,56.233,-0.023,0.692,0.217
Jeju,Daejung,NO3-_b_adj,44.000,2014.000,2024.000,2220.680,-1.100,0.297,0.026,CB_2,3.000,2016.000,2023.000,-240.895,0.121,0.705,0.200
Jeju,Daejung,NO3-_b_adj,44.000,2014.000,2024.000,2220.680,-1.100,0.297,0.026,CB_3,3.000,2016.000,2023.000,108.251,-0.052,0.886,0.032
Jeju,Daejung,SAS_b_adj,44.000,2014.000,2024.000,5322.096,-2.636,0.315,0.024,CB_1,3.000,2016.000,2023.000,56.233,-0.023,0.692,0.217
Jeju,Daejung,SAS_b_adj,44.000,2014.000,2024.000,5322.096,-2.636,0.315,0.024,CB_2,3.000,2016.000,2023.000,-240.895,0.121,0.705,0.200
Jeju,Daejung,SAS_b_adj,44.000,2014.000,2024.000,5322.096,-2.636,0.315,0.024,CB_3,3.000,2016.000,2023.000,108.251,-0.052,0.886,0.032
Jeju,Daejung,SS_b_adj,44.000,2014.000,2024.000,-2408.353,1.193,0.034,0.103,CB_1,3.000,2016.000,2023.000,56.233,-0.023,0.692,0.217
Jeju,Daejung,SS_b_adj,44.000,2014.000,2024.000,-2408.353,1.193,0.034,0.103,CB_2,3.000,2016.000,2023.000,-240.895,0.121,0.705,0.200
Jeju,Daejung,SS_b_adj,44.000,2014.000,2024.000,-2408.353,1.193,0.034,0.103,CB_3,3.000,2016.000,2023.000,108.251,-0.052,0.886,0.032
Jeju,Daejung,TN_b_adj,44.000,2014.000,2024.000,10817.694,-5.357,0.048,0.090,CB_1,3.000,2016.000,2023.000,56.233,-0.023,0.692,0.217
Jeju,Daejung,TN_b_adj,44.000,2014.000,2024.000,10817.694,-5.357,0.048,0.090,CB_2,3.000,2016.000,2023.000,-240.895,0.121,0.705,0.200
Jeju,Daejung,TN_b_adj,44.000,2014.000,2024.000,10817.694,-5.357,0.048,0.090,CB_3,3.000,2016.000,2023.000,108.251,-0.052,0.886,0.032
Jeju,Daejung,TP_b_adj,44.000,2014.000,2024.000,-160.701,0.080,0.643,0.005,CB_1,3.000,2016.000,2023.000,56.233,-0.023,0.692,0.217
Jeju,Daejung,TP_b_adj,44.000,2014.000,2024.000,-160.701,0.080,0.643,0.005,CB_2,3.000,2016.000,2023.000,-240.895,0.121,0.705,0.200
Jeju,Daejung,TP_b_adj,44.000,2014.000,2024.000,-160.701,0.080,0.643,0.005,CB_3,3.000,2016.000,2023.000,108.251,-0.052,0.886,0.032
Jeju,Daejung,pH_b_adj,44.000,2014.000,2024.000,7.072,-0.004,0.553,0.008,CB_1,3.000,2016.000,2023.000,56.233,-0.023,0.692,0.217
Jeju,Daejung,pH_b_adj,44.000,2014.000,2024.000,7.072,-0.004,0.553,0.008,CB_2,3.000,2016.000,2023.000,-240.895,0.121,0.705,0.200
Jeju,Daejung,pH_b_adj,44.000,2014.000,2024.000,7.072,-0.004,0.553,0.008,CB_3,3.000,2016.000,2023.000,108.251,-0.052,0.886,0.032
Jeju,Daejung,salinity_b_adj,44.000,2014.000,2024.000,66.078,-0.033,0.514,0.010,CB_1,3.000,2016.000,2023.000,56.233,-0.023,0.692,0.217
Jeju,Daejung,salinity_b_adj,44.000,2014.000,2024.000,66.078,-0.033,0.514,0.010,CB_2,3.000,2016.000,2023.000,-240.895,0.121,0.705,0.200
Jeju,Daejung,salinity_b_adj,44.000,2014.000,2024.000,66.078,-0.033,0.514,0.010,CB_3,3.000,2016.000,2023.000,108.251,-0.052,0.886,0.032
Jeju,Daejung,temp_b_adj,44.000,2014.000,2024.000,-462.663,0.229,0.210,0.037,CB_1,3.000,2016.000,2023.000,56.233,-0.023,0.692,0.217
Jeju,Daejung,temp_b_adj,44.000,2014.000,2024.000,-462.663,0.229,0.210,0.037,CB_2,3.000,2016.000,2023.000,-240.895,0.121,0.705,0.200
Jeju,Daejung,temp_b_adj,44.000,2014.000,2024.000,-462.663,0.229,0.210,0.037,CB_3,3.000,2016.000,2023.000,108.251,-0.052,0.886,0.032
Jeju,Gujwa,COD_b_adj,44.000,2014.000,2024.000,-138.083,0.068,0.013,0.139,CB_1,3.000,2016.000,2023.000,-226.458,0.121,0.647,0.278
Jeju,Gujwa,COD_b_adj,44.000,2014.000,2024.000,-138.083,0.068,0.013,0.139,CB_2,3.000,2016.000,2023.000,-494.540,0.247,0.352,0.724
Jeju,Gujwa,COD_b_adj,44.000,2014.000,2024.000,-138.083,0.068,0.013,0.139,CB_3,3.000,2016.000,2023.000,380.547,-0.186,0.164,0.935
Jeju,Gujwa,Chla_b_adj,44.000,2014.000,2024.000,26.114,-0.013,0.645,0.005,CB_1,3.000,2016.000,2023.000,-226.458,0.121,0.647,0.278
Jeju,Gujwa,Chla_b_adj,44.000,2014.000,2024.000,26.114,-0.013,0.645,0.005,CB_2,3.000,2016.000,2023.000,-494.540,0.247,0.352,0.724
Jeju,Gujwa,Chla_b_adj,44.000,2014.000,2024.000,26.114,-0.013,0.645,0.005,CB_3,3.000,2016.000,2023.000,380.547,-0.186,0.164,0.935
Jeju,Gujwa,DIN_b_adj,44.000,2014.000,2024.000,-1031.253,0.511,0.710,0.003,CB_1,3.000,2016.000,2023.000,-226.458,0.121,0.647,0.278
Jeju,Gujwa,DIN_b_adj,44.000,2014.000,2024.000,-1031.253,0.511,0.710,0.003,CB_2,3.000,2016.000,2023.000,-494.540,0.247,0.352,0.724
Jeju,Gujwa,DIN_b_adj,44.000,2014.000,2024.000,-1031.253,0.511,0.710,0.003,CB_3,3.000,2016.000,2023.000,380.547,-0.186,0.164,0.935
Jeju,Gujwa,DIP_b_adj,44.000,2014.000,2024.000,-93.212,0.046,0.832,0.001,CB_1,3.000,2016.000,2023.000,-226.458,0.121,0.647,0.278
Jeju,Gujwa,DIP_b_adj,44.000,2014.000,2024.000,-93.212,0.046,0.832,0.001,CB_2,3.000,2016.000,2023.000,-494.540,0.247,0.352,0.724
Jeju,Gujwa,DIP_b_adj,44.000,2014.000,2024.000,-93.212,0.046,0.832,0.001,CB_3,3.000,2016.000,2023.000,380.547,-0.186,0.164,0.935
Jeju,Gujwa,DO_b_adj,44.000,2014.000,2024.000,105.350,-0.052,0.323,0.023,CB_1,3.000,2016.000,2023.000,-226.458,0.121,0.647,0.278
Jeju,Gujwa,DO_b_adj,44.000,2014.000,2024.000,105.350,-0.052,0.323,0.023,CB_2,3.000,2016.000,2023.000,-494.540,0.247,0.352,0.724
Jeju,Gujwa,DO_b_adj,44.000,2014.000,2024.000,105.350,-0.052,0.323,0.023,CB_3,3.000,2016.000,2023.000,380.547,-0.186,0.164,0.935
Jeju,Gujwa,NH3-N_b_adj,44.000,2014.000,2024.000,694.305,-0.344,0.385,0.018,CB_1,3.000,2016.000,2023.000,-226.458,0.121,0.647,0.278
Jeju,Gujwa,NH3-N_b_adj,44.000,2014.000,2024.000,694.305,-0.344,0.385,0.018,CB_2,3.000,2016.000,2023.000,-494.540,0.247,0.352,0.724
Jeju,Gujwa,NH3-N_b_adj,44.000,2014.000,2024.000,694.305,-0.344,0.385,0.018,CB_3,3.000,2016.000,2023.000,380.547,-0.186,0.164,0.935
Jeju,Gujwa,NO2-_b_adj,44.000,2014.000,2024.000,-4.175,0.002,0.993,0.000,CB_1,3.000,2016.000,2023.000,-226.458,0.121,0.647,0.278
Jeju,Gujwa,NO2-_b_adj,44.000,2014.000,2024.000,-4.175,0.002,0.993,0.000,CB_2,3.000,2016.000,2023.000,-494.540,0.247,0.352,0.724
Jeju,Gujwa,NO2-_b_adj,44.000,2014.000,2024.000,-4.175,0.002,0.993,0.000,CB_3,3.000,2016.000,2023.000,380.547,-0.186,0.164,0.935
Jeju,Gujwa,NO3-_b_adj,44.000,2014.000,2024.000,-1724.548,0.854,0.490,0.011,CB_1,3.000,2016.000,2023.000,-226.458,0.121,0.647,0.278
Jeju,Gujwa,NO3-_b_adj,44.000,2014.000,2024.000,-1724.548,0.854,0.490,0.011,CB_2,3.000,2016.000,2023.000,-494.540,0.247,0.352,0.724
Jeju,Gujwa,NO3-_b_adj,44.000,2014.000,2024.000,-1724.548,0.854,0.490,0.011,CB_3,3.000,2016.000,2023.000,380.547,-0.186,0.164,0.935
Jeju,Gujwa,SAS_b_adj,44.000,2014.000,2024.000,2252.378,-1.115,0.603,0.006,CB_1,3.000,2016.000,2023.000,-226.458,0.121,0.647,0.278
Jeju,Gujwa,SAS_b_adj,44.000,2014.000,2024.000,2252.378,-1.115,0.603,0.006,CB_2,3.000,2016.000,2023.000,-494.540,0.247,0.352,0.724
Jeju,Gujwa,SAS_b_adj,44.000,2014.000,2024.000,2252.378,-1.115,0.603,0.006,CB_3,3.000,2016.000,2023.000,380.547,-0.186,0.164,0.935
Jeju,Gujwa,SS_b_adj,44.000,2014.000,2024.000,-648.938,0.321,0.457,0.013,CB_1,3.000,2016.000,2023.000,-226.458,0.121,0.647,0.278
Jeju,Gujwa,SS_b_adj,44.000,2014.000,2024.000,-648.938,0.321,0.457,0.013,CB_2,3.000,2016.000,2023.000,-494.540,0.247,0.352,0.724
Jeju,Gujwa,SS_b_adj,44.000,2014.000,2024.000,-648.938,0.321,0.457,0.013,CB_3,3.000,2016.000,2023.000,380.547,-0.186,0.164,0.935
Jeju,Gujwa,TN_b_adj,44.000,2014.000,2024.000,13131.039,-6.503,0.001,0.243,CB_1,3.000,2016.000,2023.000,-226.458,0.121,0.647,0.278
Jeju,Gujwa,TN_b_adj,44.000,2014.000,2024.000,13131.039,-6.503,0.001,0.243,CB_2,3.000,2016.000,2023.000,-494.540,0.247,0.352,0.724
Jeju,Gujwa,TN_b_adj,44.000,2014.000,2024.000,13131.039,-6.503,0.001,0.243,CB_3,3.000,2016.000,2023.000,380.547,-0.186,0.164,0.935
Jeju,Gujwa,TP_b_adj,44.000,2014.000,2024.000,-564.164,0.279,0.121,0.056,CB_1,3.000,2016.000,2023.000,-226.458,0.121,0.647,0.278
Jeju,Gujwa,TP_b_adj,44.000,2014.000,2024.000,-564.164,0.279,0.121,0.056,CB_2,3.000,2016.000,2023.000,-494.540,0.247,0.352,0.724
Jeju,Gujwa,TP_b_adj,44.000,2014.000,2024.000,-564.164,0.279,0.121,0.056,CB_3,3.000,2016.000,2023.000,380.547,-0.186,0.164,0.935
Jeju,Gujwa,pH_b_adj,44.000,2014.000,2024.000,10.913,-0.005,0.352,0.021,CB_1,3.000,2016.000,2023.000,-226.458,0.121,0.647,0.278
Jeju,Gujwa,pH_b_adj,44.000,2014.000,2024.000,10.913,-0.005,0.352,0.021,CB_2,3.000,2016.000,2023.000,-494.540,0.247,0.352,0.724
Jeju,Gujwa,pH_b_adj,44.000,2014.000,2024.000,10.913,-0.005,0.352,0.021,CB_3,3.000,2016.000,2023.000,380.547,-0.186,0.164,0.935
Jeju,Gujwa,salinity_b_adj,44.000,2014.000,2024.000,56.677,-0.028,0.633,0.005,CB_1,3.000,2016.000,2023.000,-226.458,0.121,0.647,0.278
Jeju,Gujwa,salinity_b_adj,44.000,2014.000,2024.000,56.677,-0.028,0.633,0.005,CB_2,3.000,2016.000,2023.000,-494.540,0.247,0.352,0.724
Jeju,Gujwa,salinity_b_adj,44.000,2014.000,2024.000,56.677,-0.028,0.633,0.005,CB_3,3.000,2016.000,2023.000,380.547,-0.186,0.164,0.935
Jeju,Gujwa,temp_b_adj,44.000,2014.000,2024.000,-482.934,0.239,0.206,0.038,CB_1,3.000,2016.000,2023.000,-226.458,0.121,0.647,0.278
Jeju,Gujwa,temp_b_adj,44.000,2014.000,2024.000,-482.934,0.239,0.206,0.038,CB_2,3.000,2016.000,2023.000,-494.540,0.247,0.352,0.724
Jeju,Gujwa,temp_b_adj,44.000,2014.000,2024.000,-482.934,0.239,0.206,0.038,CB_3,3.000,2016.000,2023.000,380.547,-0.186,0.164,0.935
Jeju,Hallim,COD_b_adj,44.000,2014.000,2024.000,-88.017,0.044,0.130,0.054,CB_1,3.000,2016.000,2023.000,1327.501,-0.652,0.238,0.866
Jeju,Hallim,COD_b_adj,44.000,2014.000,2024.000,-88.017,0.044,0.130,0.054,CB_2,3.000,2016.000,2023.000,-366.153,0.182,0.069,0.988
Jeju,Hallim,COD_b_adj,44.000,2014.000,2024.000,-88.017,0.044,0.130,0.054,CB_3,3.000,2016.000,2023.000,-293.574,0.147,0.565,0.398
Jeju,Hallim,Chla_b_adj,44.000,2014.000,2024.000,21.377,-0.011,0.718,0.003,CB_1,3.000,2016.000,2023.000,1327.501,-0.652,0.238,0.866
Jeju,Hallim,Chla_b_adj,44.000,2014.000,2024.000,21.377,-0.011,0.718,0.003,CB_2,3.000,2016.000,2023.000,-366.153,0.182,0.069,0.988
Jeju,Hallim,Chla_b_adj,44.000,2014.000,2024.000,21.377,-0.011,0.718,0.003,CB_3,3.000,2016.000,2023.000,-293.574,0.147,0.565,0.398
Jeju,Hallim,DIN_b_adj,44.000,2014.000,2024.000,696.152,-0.345,0.776,0.002,CB_1,3.000,2016.000,2023.000,1327.501,-0.652,0.238,0.866
Jeju,Hallim,DIN_b_adj,44.000,2014.000,2024.000,696.152,-0.345,0.776,0.002,CB_2,3.000,2016.000,2023.000,-366.153,0.182,0.069,0.988
Jeju,Hallim,DIN_b_adj,44.000,2014.000,2024.000,696.152,-0.345,0.776,0.002,CB_3,3.000,2016.000,2023.000,-293.574,0.147,0.565,0.398
Jeju,Hallim,DIP_b_adj,44.000,2014.000,2024.000,-236.070,0.117,0.568,0.008,CB_1,3.000,2016.000,2023.000,1327.501,-0.652,0.238,0.866
Jeju,Hallim,DIP_b_adj,44.000,2014.000,2024.000,-236.070,0.117,0.568,0.008,CB_2,3.000,2016.000,2023.000,-366.153,0.182,0.069,0.988
Jeju,Hallim,DIP_b_adj,44.000,2014.000,2024.000,-236.070,0.117,0.568,0.008,CB_3,3.000,2016.000,2023.000,-293.574,0.147,0.565,0.398
Jeju,Hallim,DO_b_adj,44.000,2014.000,2024.000,56.111,-0.028,0.571,0.008,CB_1,3.000,2016.000,2023.000,1327.501,-0.652,0.238,0.866
Jeju,Hallim,DO_b_adj,44.000,2014.000,2024.000,56.111,-0.028,0.571,0.008,CB_2,3.000,2016.000,2023.000,-366.153,0.182,0.069,0.988
Jeju,Hallim,DO_b_adj,44.000,2014.000,2024.000,56.111,-0.028,0.571,0.008,CB_3,3.000,2016.000,2023.000,-293.574,0.147,0.565,0.398
Jeju,Hallim,NH3-N_b_adj,44.000,2014.000,2024.000,0.238,-0.000,1.000,0.000,CB_1,3.000,2016.000,2023.000,1327.501,-0.652,0.238,0.866
Jeju,Hallim,NH3-N_b_adj,44.000,2014.000,2024.000,0.238,-0.000,1.000,0.000,CB_2,3.000,2016.000,2023.000,-366.153,0.182,0.069,0.988
Jeju,Hallim,NH3-N_b_adj,44.000,2014.000,2024.000,0.238,-0.000,1.000,0.000,CB_3,3.000,2016.000,2023.000,-293.574,0.147,0.565,0.398
Jeju,Hallim,NO2-_b_adj,44.000,2014.000,2024.000,-69.399,0.034,0.630,0.006,CB_1,3.000,2016.000,2023.000,1327.501,-0.652,0.238,0.866
Jeju,Hallim,NO2-_b_adj,44.000,2014.000,2024.000,-69.399,0.034,0.630,0.006,CB_2,3.000,2016.000,2023.000,-366.153,0.182,0.069,0.988
Jeju,Hallim,NO2-_b_adj,44.000,2014.000,2024.000,-69.399,0.034,0.630,0.006,CB_3,3.000,2016.000,2023.000,-293.574,0.147,0.565,0.398
Jeju,Hallim,NO3-_b_adj,44.000,2014.000,2024.000,768.012,-0.380,0.742,0.003,CB_1,3.000,2016.000,2023.000,1327.501,-0.652,0.238,0.866
Jeju,Hallim,NO3-_b_adj,44.000,2014.000,2024.000,768.012,-0.380,0.742,0.003,CB_2,3.000,2016.000,2023.000,-366.153,0.182,0.069,0.988
Jeju,Hallim,NO3-_b_adj,44.000,2014.000,2024.000,768.012,-0.380,0.742,0.003,CB_3,3.000,2016.000,2023.000,-293.574,0.147,0.565,0.398
Jeju,Hallim,SAS_b_adj,44.000,2014.000,2024.000,122.318,-0.061,0.981,0.000,CB_1,3.000,2016.000,2023.000,1327.501,-0.652,0.238,0.866
Jeju,Hallim,SAS_b_adj,44.000,2014.000,2024.000,122.318,-0.061,0.981,0.000,CB_2,3.000,2016.000,2023.000,-366.153,0.182,0.069,0.988
Jeju,Hallim,SAS_b_adj,44.000,2014.000,2024.000,122.318,-0.061,0.981,0.000,CB_3,3.000,2016.000,2023.000,-293.574,0.147,0.565,0.398
Jeju,Hallim,SS_b_adj,44.000,2014.000,2024.000,-3182.564,1.576,0.012,0.142,CB_1,3.000,2016.000,2023.000,1327.501,-0.652,0.238,0.866
Jeju,Hallim,SS_b_adj,44.000,2014.000,2024.000,-3182.564,1.576,0.012,0.142,CB_2,3.000,2016.000,2023.000,-366.153,0.182,0.069,0.988
Jeju,Hallim,SS_b_adj,44.000,2014.000,2024.000,-3182.564,1.576,0.012,0.142,CB_3,3.000,2016.000,2023.000,-293.574,0.147,0.565,0.398
Jeju,Hallim,TN_b_adj,44.000,2014.000,2024.000,17212.632,-8.524,0.000,0.302,CB_1,3.000,2016.000,2023.000,1327.501,-0.652,0.238,0.866
Jeju,Hallim,TN_b_adj,44.000,2014.000,2024.000,17212.632,-8.524,0.000,0.302,CB_2,3.000,2016.000,2023.000,-366.153,0.182,0.069,0.988
Jeju,Hallim,TN_b_adj,44.000,2014.000,2024.000,17212.632,-8.524,0.000,0.302,CB_3,3.000,2016.000,2023.000,-293.574,0.147,0.565,0.398
Jeju,Hallim,TP_b_adj,44.000,2014.000,2024.000,-584.900,0.290,0.078,0.072,CB_1,3.000,2016.000,2023.000,1327.501,-0.652,0.238,0.866
Jeju,Hallim,TP_b_adj,44.000,2014.000,2024.000,-584.900,0.290,0.078,0.072,CB_2,3.000,2016.000,2023.000,-366.153,0.182,0.069,0.988
Jeju,Hallim,TP_b_adj,44.000,2014.000,2024.000,-584.900,0.290,0.078,0.072,CB_3,3.000,2016.000,2023.000,-293.574,0.147,0.565,0.398
Jeju,Hallim,pH_b_adj,44.000,2014.000,2024.000,14.457,-0.007,0.410,0.016,CB_1,3.000,2016.000,2023.000,1327.501,-0.652,0.238,0.866
Jeju,Hallim,pH_b_adj,44.000,2014.000,2024.000,14.457,-0.007,0.410,0.016,CB_2,3.000,2016.000,2023.000,-366.153,0.182,0.069,0.988
Jeju,Hallim,pH_b_adj,44.000,2014.000,2024.000,14.457,-0.007,0.410,0.016,CB_3,3.000,2016.000,2023.000,-293.574,0.147,0.565,0.398
Jeju,Hallim,salinity_b_adj,44.000,2014.000,2024.000,4.848,-0.002,0.948,0.000,CB_1,3.000,2016.000,2023.000,1327.501,-0.652,0.238,0.866
Jeju,Hallim,salinity_b_adj,44.000,2014.000,2024.000,4.848,-0.002,0.948,0.000,CB_2,3.000,2016.000,2023.000,-366.153,0.182,0.069,0.988
Jeju,Hallim,salinity_b_adj,44.000,2014.000,2024.000,4.848,-0.002,0.948,0.000,CB_3,3.000,2016.000,2023.000,-293.574,0.147,0.565,0.398
Jeju,Hallim,temp_b_adj,44.000,2014.000,2024.000,-388.101,0.192,0.222,0.035,CB_1,3.000,2016.000,2023.000,1327.501,-0.652,0.238,0.866
Jeju,Hallim,temp_b_adj,44.000,2014.000,2024.000,-388.101,0.192,0.222,0.035,CB_2,3.000,2016.000,2023.000,-366.153,0.182,0.069,0.988
Jeju,Hallim,temp_b_adj,44.000,2014.000,2024.000,-388.101,0.192,0.222,0.035,CB_3,3.000,2016.000,2023.000,-293.574,0.147,0.565,0.398
Jeju,Jeju,COD_b_adj,44.000,2014.000,2024.000,-108.825,0.054,0.034,0.102,CB_1,4.000,2016.000,2023.000,2140.115,-1.050,0.871,0.017
Jeju,Jeju,COD_b_adj,44.000,2014.000,2024.000,-108.825,0.054,0.034,0.102,CB_2,4.000,2016.000,2023.000,646.970,-0.317,0.879,0.015
Jeju,Jeju,COD_b_adj,44.000,2014.000,2024.000,-108.825,0.054,0.034,0.102,CB_3,4.000,2016.000,2023.000,905.760,-0.446,0.590,0.168
Jeju,Jeju,Chla_b_adj,44.000,2014.000,2024.000,11.673,-0.006,0.868,0.001,CB_1,4.000,2016.000,2023.000,2140.115,-1.050,0.871,0.017
Jeju,Jeju,Chla_b_adj,44.000,2014.000,2024.000,11.673,-0.006,0.868,0.001,CB_2,4.000,2016.000,2023.000,646.970,-0.317,0.879,0.015
Jeju,Jeju,Chla_b_adj,44.000,2014.000,2024.000,11.673,-0.006,0.868,0.001,CB_3,4.000,2016.000,2023.000,905.760,-0.446,0.590,0.168
Jeju,Jeju,DIN_b_adj,44.000,2014.000,2024.000,390.412,-0.193,0.887,0.000,CB_1,4.000,2016.000,2023.000,2140.115,-1.050,0.871,0.017
Jeju,Jeju,DIN_b_adj,44.000,2014.000,2024.000,390.412,-0.193,0.887,0.000,CB_2,4.000,2016.000,2023.000,646.970,-0.317,0.879,0.015
Jeju,Jeju,DIN_b_adj,44.000,2014.000,2024.000,390.412,-0.193,0.887,0.000,CB_3,4.000,2016.000,2023.000,905.760,-0.446,0.590,0.168
Jeju,Jeju,DIP_b_adj,44.000,2014.000,2024.000,222.699,-0.110,0.662,0.005,CB_1,4.000,2016.000,2023.000,2140.115,-1.050,0.871,0.017
Jeju,Jeju,DIP_b_adj,44.000,2014.000,2024.000,222.699,-0.110,0.662,0.005,CB_2,4.000,2016.000,2023.000,646.970,-0.317,0.879,0.015
Jeju,Jeju,DIP_b_adj,44.000,2014.000,2024.000,222.699,-0.110,0.662,0.005,CB_3,4.000,2016.000,2023.000,905.760,-0.446,0.590,0.168
Jeju,Jeju,DO_b_adj,44.000,2014.000,2024.000,58.023,-0.029,0.572,0.008,CB_1,4.000,2016.000,2023.000,2140.115,-1.050,0.871,0.017
Jeju,Jeju,DO_b_adj,44.000,2014.000,2024.000,58.023,-0.029,0.572,0.008,CB_2,4.000,2016.000,2023.000,646.970,-0.317,0.879,0.015
Jeju,Jeju,DO_b_adj,44.000,2014.000,2024.000,58.023,-0.029,0.572,0.008,CB_3,4.000,2016.000,2023.000,905.760,-0.446,0.590,0.168
Jeju,Jeju,NH3-N_b_adj,44.000,2014.000,2024.000,-70.806,0.035,0.941,0.000,CB_1,4.000,2016.000,2023.000,2140.115,-1.050,0.871,0.017
Jeju,Jeju,NH3-N_b_adj,44.000,2014.000,2024.000,-70.806,0.035,0.941,0.000,CB_2,4.000,2016.000,2023.000,646.970,-0.317,0.879,0.015
Jeju,Jeju,NH3-N_b_adj,44.000,2014.000,2024.000,-70.806,0.035,0.941,0.000,CB_3,4.000,2016.000,2023.000,905.760,-0.446,0.590,0.168
Jeju,Jeju,NO2-_b_adj,44.000,2014.000,2024.000,-231.492,0.115,0.207,0.038,CB_1,4.000,2016.000,2023.000,2140.115,-1.050,0.871,0.017
Jeju,Jeju,NO2-_b_adj,44.000,2014.000,2024.000,-231.492,0.115,0.207,0.038,CB_2,4.000,2016.000,2023.000,646.970,-0.317,0.879,0.015
Jeju,Jeju,NO2-_b_adj,44.000,2014.000,2024.000,-231.492,0.115,0.207,0.038,CB_3,4.000,2016.000,2023.000,905.760,-0.446,0.590,0.168
Jeju,Jeju,NO3-_b_adj,44.000,2014.000,2024.000,900.454,-0.446,0.748,0.002,CB_1,4.000,2016.000,2023.000,2140.115,-1.050,0.871,0.017
Jeju,Jeju,NO3-_b_adj,44.000,2014.000,2024.000,900.454,-0.446,0.748,0.002,CB_2,4.000,2016.000,2023.000,646.970,-0.317,0.879,0.015
Jeju,Jeju,NO3-_b_adj,44.000,2014.000,2024.000,900.454,-0.446,0.748,0.002,CB_3,4.000,2016.000,2023.000,905.760,-0.446,0.590,0.168
Jeju,Jeju,SAS_b_adj,44.000,2014.000,2024.000,5641.159,-2.794,0.441,0.014,CB_1,4.000,2016.000,2023.000,2140.115,-1.050,0.871,0.017
Jeju,Jeju,SAS_b_adj,44.000,2014.000,2024.000,5641.159,-2.794,0.441,0.014,CB_2,4.000,2016.000,2023.000,646.970,-0.317,0.879,0.015
Jeju,Jeju,SAS_b_adj,44.000,2014.000,2024.000,5641.159,-2.794,0.441,0.014,CB_3,4.000,2016.000,2023.000,905.760,-0.446,0.590,0.168
Jeju,Jeju,SS_b_adj,44.000,2014.000,2024.000,-1753.097,0.868,0.051,0.088,CB_1,4.000,2016.000,2023.000,2140.115,-1.050,0.871,0.017
Jeju,Jeju,SS_b_adj,44.000,2014.000,2024.000,-1753.097,0.868,0.051,0.088,CB_2,4.000,2016.000,2023.000,646.970,-0.317,0.879,0.015
Jeju,Jeju,SS_b_adj,44.000,2014.000,2024.000,-1753.097,0.868,0.051,0.088,CB_3,4.000,2016.000,2023.000,905.760,-0.446,0.590,0.168
Jeju,Jeju,TN_b_adj,44.000,2014.000,2024.000,15791.771,-7.820,0.000,0.336,CB_1,4.000,2016.000,2023.000,2140.115,-1.050,0.871,0.017
Jeju,Jeju,TN_b_adj,44.000,2014.000,2024.000,15791.771,-7.820,0.000,0.336,CB_2,4.000,2016.000,2023.000,646.970,-0.317,0.879,0.015
Jeju,Jeju,TN_b_adj,44.000,2014.000,2024.000,15791.771,-7.820,0.000,0.336,CB_3,4.000,2016.000,2023.000,905.760,-0.446,0.590,0.168
Jeju,Jeju,TP_b_adj,44.000,2014.000,2024.000,-492.590,0.244,0.200,0.039,CB_1,4.000,2016.000,2023.000,2140.115,-1.050,0.871,0.017
Jeju,Jeju,TP_b_adj,44.000,2014.000,2024.000,-492.590,0.244,0.200,0.039,CB_2,4.000,2016.000,2023.000,646.970,-0.317,0.879,0.015
Jeju,Jeju,TP_b_adj,44.000,2014.000,2024.000,-492.590,0.244,0.200,0.039,CB_3,4.000,2016.000,2023.000,905.760,-0.446,0.590,0.168
Jeju,Jeju,pH_b_adj,44.000,2014.000,2024.000,19.601,-0.010,0.148,0.049,CB_1,4.000,2016.000,2023.000,2140.115,-1.050,0.871,0.017
Jeju,Jeju,pH_b_adj,44.000,2014.000,2024.000,19.601,-0.010,0.148,0.049,CB_2,4.000,2016.000,2023.000,646.970,-0.317,0.879,0.015
Jeju,Jeju,pH_b_adj,44.000,2014.000,2024.000,19.601,-0.010,0.148,0.049,CB_3,4.000,2016.000,2023.000,905.760,-0.446,0.590,0.168
Jeju,Jeju,salinity_b_adj,44.000,2014.000,2024.000,132.733,-0.066,0.314,0.024,CB_1,4.000,2016.000,2023.000,2140.115,-1.050,0.871,0.017
Jeju,Jeju,salinity_b_adj,44.000,2014.000,2024.000,132.733,-0.066,0.314,0.024,CB_2,4.000,2016.000,2023.000,646.970,-0.317,0.879,0.015
Jeju,Jeju,salinity_b_adj,44.000,2014.000,2024.000,132.733,-0.066,0.314,0.024,CB_3,4.000,2016.000,2023.000,905.760,-0.446,0.590,0.168
Jeju,Jeju,temp_b_adj,44.000,2014.000,2024.000,-588.735,0.292,0.143,0.050,CB_1,4.000,2016.000,2023.000,2140.115,-1.050,0.871,0.017
Jeju,Jeju,temp_b_adj,44.000,2014.000,2024.000,-588.735,0.292,0.143,0.050,CB_2,4.000,2016.000,2023.000,646.970,-0.317,0.879,0.015
Jeju,Jeju,temp_b_adj,44.000,2014.000,2024.000,-588.735,0.292,0.143,0.050,CB_3,4.000,2016.000,2023.000,905.760,-0.446,0.590,0.168
South,Geoje,COD_b_adj,44.000,2014.000,2024.000,-72.226,0.036,0.099,0.064,CB_1,5.000,2015.000,2024.000,-639.997,0.320,0.103,0.641
South,Geoje,COD_b_adj,44.000,2014.000,2024.000,-72.226,0.036,0.099,0.064,CB_2,5.000,2015.000,2024.000,163.048,-0.080,0.489,0.171
South,Geoje,COD_b_adj,44.000,2014.000,2024.000,-72.226,0.036,0.099,0.064,CB_3,5.000,2015.000,2024.000,236.892,-0.117,0.299,0.343
South,Geoje,Chla_b_adj,44.000,2014.000,2024.000,96.016,-0.048,0.385,0.018,CB_1,5.000,2015.000,2024.000,-639.997,0.320,0.103,0.641
South,Geoje,Chla_b_adj,44.000,2014.000,2024.000,96.016,-0.048,0.385,0.018,CB_2,5.000,2015.000,2024.000,163.048,-0.080,0.489,0.171
South,Geoje,Chla_b_adj,44.000,2014.000,2024.000,96.016,-0.048,0.385,0.018,CB_3,5.000,2015.000,2024.000,236.892,-0.117,0.299,0.343
South,Geoje,DIN_b_adj,44.000,2014.000,2024.000,-4078.300,2.020,0.342,0.022,CB_1,5.000,2015.000,2024.000,-639.997,0.320,0.103,0.641
South,Geoje,DIN_b_adj,44.000,2014.000,2024.000,-4078.300,2.020,0.342,0.022,CB_2,5.000,2015.000,2024.000,163.048,-0.080,0.489,0.171
South,Geoje,DIN_b_adj,44.000,2014.000,2024.000,-4078.300,2.020,0.342,0.022,CB_3,5.000,2015.000,2024.000,236.892,-0.117,0.299,0.343
South,Geoje,DIP_b_adj,44.000,2014.000,2024.000,-917.305,0.454,0.188,0.041,CB_1,5.000,2015.000,2024.000,-639.997,0.320,0.103,0.641
South,Geoje,DIP_b_adj,44.000,2014.000,2024.000,-917.305,0.454,0.188,0.041,CB_2,5.000,2015.000,2024.000,163.048,-0.080,0.489,0.171
South,Geoje,DIP_b_adj,44.000,2014.000,2024.000,-917.305,0.454,0.188,0.041,CB_3,5.000,2015.000,2024.000,236.892,-0.117,0.299,0.343
South,Geoje,DO_b_adj,44.000,2014.000,2024.000,134.323,-0.067,0.322,0.023,CB_1,5.000,2015.000,2024.000,-639.997,0.320,0.103,0.641
South,Geoje,DO_b_adj,44.000,2014.000,2024.000,134.323,-0.067,0.322,0.023,CB_2,5.000,2015.000,2024.000,163.048,-0.080,0.489,0.171
South,Geoje,DO_b_adj,44.000,2014.000,2024.000,134.323,-0.067,0.322,0.023,CB_3,5.000,2015.000,2024.000,236.892,-0.117,0.299,0.343
South,Geoje,NH3-N_b_adj,44.000,2014.000,2024.000,-422.997,0.209,0.672,0.004,CB_1,5.000,2015.000,2024.000,-639.997,0.320,0.103,0.641
South,Geoje,NH3-N_b_adj,44.000,2014.000,2024.000,-422.997,0.209,0.672,0.004,CB_2,5.000,2015.000,2024.000,163.048,-0.080,0.489,0.171
South,Geoje,NH3-N_b_adj,44.000,2014.000,2024.000,-422.997,0.209,0.672,0.004,CB_3,5.000,2015.000,2024.000,236.892,-0.117,0.299,0.343
South,Geoje,NO2-_b_adj,44.000,2014.000,2024.000,120.905,-0.060,0.760,0.002,CB_1,5.000,2015.000,2024.000,-639.997,0.320,0.103,0.641
South,Geoje,NO2-_b_adj,44.000,2014.000,2024.000,120.905,-0.060,0.760,0.002,CB_2,5.000,2015.000,2024.000,163.048,-0.080,0.489,0.171
South,Geoje,NO2-_b_adj,44.000,2014.000,2024.000,120.905,-0.060,0.760,0.002,CB_3,5.000,2015.000,2024.000,236.892,-0.117,0.299,0.343
South,Geoje,NO3-_b_adj,44.000,2014.000,2024.000,-3764.577,1.864,0.285,0.027,CB_1,5.000,2015.000,2024.000,-639.997,0.320,0.103,0.641
South,Geoje,NO3-_b_adj,44.000,2014.000,2024.000,-3764.577,1.864,0.285,0.027,CB_2,5.000,2015.000,2024.000,163.048,-0.080,0.489,0.171
South,Geoje,NO3-_b_adj,44.000,2014.000,2024.000,-3764.577,1.864,0.285,0.027,CB_3,5.000,2015.000,2024.000,236.892,-0.117,0.299,0.343
South,Geoje,SAS_b_adj,44.000,2014.000,2024.000,-9207.942,4.560,0.476,0.012,CB_1,5.000,2015.000,2024.000,-639.997,0.320,0.103,0.641
South,Geoje,SAS_b_adj,44.000,2014.000,2024.000,-9207.942,4.560,0.476,0.012,CB_2,5.000,2015.000,2024.000,163.048,-0.080,0.489,0.171
South,Geoje,SAS_b_adj,44.000,2014.000,2024.000,-9207.942,4.560,0.476,0.012,CB_3,5.000,2015.000,2024.000,236.892,-0.117,0.299,0.343
South,Geoje,SS_b_adj,44.000,2014.000,2024.000,-642.524,0.318,0.116,0.058,CB_1,5.000,2015.000,2024.000,-639.997,0.320,0.103,0.641
South,Geoje,SS_b_adj,44.000,2014.000,2024.000,-642.524,0.318,0.116,0.058,CB_2,5.000,2015.000,2024.000,163.048,-0.080,0.489,0.171
South,Geoje,SS_b_adj,44.000,2014.000,2024.000,-642.524,0.318,0.116,0.058,CB_3,5.000,2015.000,2024.000,236.892,-0.117,0.299,0.343
South,Geoje,TN_b_adj,44.000,2014.000,2024.000,10397.663,-5.149,0.078,0.072,CB_1,5.000,2015.000,2024.000,-639.997,0.320,0.103,0.641
South,Geoje,TN_b_adj,44.000,2014.000,2024.000,10397.663,-5.149,0.078,0.072,CB_2,5.000,2015.000,2024.000,163.048,-0.080,0.489,0.171
South,Geoje,TN_b_adj,44.000,2014.000,2024.000,10397.663,-5.149,0.078,0.072,CB_3,5.000,2015.000,2024.000,236.892,-0.117,0.299,0.343
South,Geoje,TP_b_adj,44.000,2014.000,2024.000,-1042.939,0.516,0.173,0.044,CB_1,5.000,2015.000,2024.000,-639.997,0.320,0.103,0.641
South,Geoje,TP_b_adj,44.000,2014.000,2024.000,-1042.939,0.516,0.173,0.044,CB_2,5.000,2015.000,2024.000,163.048,-0.080,0.489,0.171
South,Geoje,TP_b_adj,44.000,2014.000,2024.000,-1042.939,0.516,0.173,0.044,CB_3,5.000,2015.000,2024.000,236.892,-0.117,0.299,0.343
South,Geoje,pH_b_adj,44.000,2014.000,2024.000,25.192,-0.012,0.046,0.092,CB_1,5.000,2015.000,2024.000,-639.997,0.320,0.103,0.641
South,Geoje,pH_b_adj,44.000,2014.000,2024.000,25.192,-0.012,0.046,0.092,CB_2,5.000,2015.000,2024.000,163.048,-0.080,0.489,0.171
South,Geoje,pH_b_adj,44.000,2014.000,2024.000,25.192,-0.012,0.046,0.092,CB_3,5.000,2015.000,2024.000,236.892,-0.117,0.299,0.343
South,Geoje,salinity_b_adj,44.000,2014.000,2024.000,69.411,-0.034,0.339,0.022,CB_1,5.000,2015.000,2024.000,-639.997,0.320,0.103,0.641
South,Geoje,salinity_b_adj,44.000,2014.000,2024.000,69.411,-0.034,0.339,0.022,CB_2,5.000,2015.000,2024.000,163.048,-0.080,0.489,0.171
South,Geoje,salinity_b_adj,44.000,2014.000,2024.000,69.411,-0.034,0.339,0.022,CB_3,5.000,2015.000,2024.000,236.892,-0.117,0.299,0.343
South,Geoje,temp_b_adj,44.000,2014.000,2024.000,-341.292,0.169,0.445,0.014,CB_1,5.000,2015.000,2024.000,-639.997,0.320,0.103,0.641
South,Geoje,temp_b_adj,44.000,2014.000,2024.000,-341.292,0.169,0.445,0.014,CB_2,5.000,2015.000,2024.000,163.048,-0.080,0.489,0.171
South,Geoje,temp_b_adj,44.000,2014.000,2024.000,-341.292,0.169,0.445,0.014,CB_3,5.000,2015.000,2024.000,236.892,-0.117,0.299,0.343
South,Gosung,COD_b_adj,44.000,2014.000,2024.000,-143.033,0.071,0.003,0.194,CB_1,5.000,2015.000,2024.000,-234.387,0.117,0.059,0.746
South,Gosung,COD_b_adj,44.000,2014.000,2024.000,-143.033,0.071,0.003,0.194,CB_2,5.000,2015.000,2024.000,-17.520,0.009,0.332,0.307
South,Gosung,COD_b_adj,44.000,2014.000,2024.000,-143.033,0.071,0.003,0.194,CB_3,5.000,2015.000,2024.000,-10.935,0.005,0.184,0.496
South,Gosung,Chla_b_adj,44.000,2014.000,2024.000,-50.150,0.025,0.564,0.008,CB_1,5.000,2015.000,2024.000,-234.387,0.117,0.059,0.746
South,Gosung,Chla_b_adj,44.000,2014.000,2024.000,-50.150,0.025,0.564,0.008,CB_2,5.000,2015.000,2024.000,-17.520,0.009,0.332,0.307
South,Gosung,Chla_b_adj,44.000,2014.000,2024.000,-50.150,0.025,0.564,0.008,CB_3,5.000,2015.000,2024.000,-10.935,0.005,0.184,0.496
South,Gosung,DIN_b_adj,44.000,2014.000,2024.000,4958.034,-2.455,0.216,0.036,CB_1,5.000,2015.000,2024.000,-234.387,0.117,0.059,0.746
South,Gosung,DIN_b_adj,44.000,2014.000,2024.000,4958.034,-2.455,0.216,0.036,CB_2,5.000,2015.000,2024.000,-17.520,0.009,0.332,0.307
South,Gosung,DIN_b_adj,44.000,2014.000,2024.000,4958.034,-2.455,0.216,0.036,CB_3,5.000,2015.000,2024.000,-10.935,0.005,0.184,0.496
South,Gosung,DIP_b_adj,44.000,2014.000,2024.000,-537.289,0.266,0.478,0.012,CB_1,5.000,2015.000,2024.000,-234.387,0.117,0.059,0.746
South,Gosung,DIP_b_adj,44.000,2014.000,2024.000,-537.289,0.266,0.478,0.012,CB_2,5.000,2015.000,2024.000,-17.520,0.009,0.332,0.307
South,Gosung,DIP_b_adj,44.000,2014.000,2024.000,-537.289,0.266,0.478,0.012,CB_3,5.000,2015.000,2024.000,-10.935,0.005,0.184,0.496
South,Gosung,DO_b_adj,44.000,2014.000,2024.000,91.006,-0.045,0.570,0.008,CB_1,5.000,2015.000,2024.000,-234.387,0.117,0.059,0.746
South,Gosung,DO_b_adj,44.000,2014.000,2024.000,91.006,-0.045,0.570,0.008,CB_2,5.000,2015.000,2024.000,-17.520,0.009,0.332,0.307
South,Gosung,DO_b_adj,44.000,2014.000,2024.000,91.006,-0.045,0.570,0.008,CB_3,5.000,2015.000,2024.000,-10.935,0.005,0.184,0.496
South,Gosung,NH3-N_b_adj,44.000,2014.000,2024.000,1093.165,-0.541,0.546,0.009,CB_1,5.000,2015.000,2024.000,-234.387,0.117,0.059,0.746
South,Gosung,NH3-N_b_adj,44.000,2014.000,2024.000,1093.165,-0.541,0.546,0.009,CB_2,5.000,2015.000,2024.000,-17.520,0.009,0.332,0.307
South,Gosung,NH3-N_b_adj,44.000,2014.000,2024.000,1093.165,-0.541,0.546,0.009,CB_3,5.000,2015.000,2024.000,-10.935,0.005,0.184,0.496
South,Gosung,NO2-_b_adj,44.000,2014.000,2024.000,1403.782,-0.695,0.099,0.063,CB_1,5.000,2015.000,2024.000,-234.387,0.117,0.059,0.746
South,Gosung,NO2-_b_adj,44.000,2014.000,2024.000,1403.782,-0.695,0.099,0.063,CB_2,5.000,2015.000,2024.000,-17.520,0.009,0.332,0.307
South,Gosung,NO2-_b_adj,44.000,2014.000,2024.000,1403.782,-0.695,0.099,0.063,CB_3,5.000,2015.000,2024.000,-10.935,0.005,0.184,0.496
South,Gosung,NO3-_b_adj,44.000,2014.000,2024.000,2368.649,-1.173,0.281,0.028,CB_1,5.000,2015.000,2024.000,-234.387,0.117,0.059,0.746
South,Gosung,NO3-_b_adj,44.000,2014.000,2024.000,2368.649,-1.173,0.281,0.028,CB_2,5.000,2015.000,2024.000,-17.520,0.009,0.332,0.307
South,Gosung,NO3-_b_adj,44.000,2014.000,2024.000,2368.649,-1.173,0.281,0.028,CB_3,5.000,2015.000,2024.000,-10.935,0.005,0.184,0.496
South,Gosung,SAS_b_adj,44.000,2014.000,2024.000,-44176.591,21.876,0.086,0.069,CB_1,5.000,2015.000,2024.000,-234.387,0.117,0.059,0.746
South,Gosung,SAS_b_adj,44.000,2014.000,2024.000,-44176.591,21.876,0.086,0.069,CB_2,5.000,2015.000,2024.000,-17.520,0.009,0.332,0.307
South,Gosung,SAS_b_adj,44.000,2014.000,2024.000,-44176.591,21.876,0.086,0.069,CB_3,5.000,2015.000,2024.000,-10.935,0.005,0.184,0.496
South,Gosung,SS_b_adj,44.000,2014.000,2024.000,1202.914,-0.596,0.043,0.094,CB_1,5.000,2015.000,2024.000,-234.387,0.117,0.059,0.746
South,Gosung,SS_b_adj,44.000,2014.000,2024.000,1202.914,-0.596,0.043,0.094,CB_2,5.000,2015.000,2024.000,-17.520,0.009,0.332,0.307
South,Gosung,SS_b_adj,44.000,2014.000,2024.000,1202.914,-0.596,0.043,0.094,CB_3,5.000,2015.000,2024.000,-10.935,0.005,0.184,0.496
South,Gosung,TN_b_adj,44.000,2014.000,2024.000,18946.809,-9.383,0.003,0.193,CB_1,5.000,2015.000,2024.000,-234.387,0.117,0.059,0.746
South,Gosung,TN_b_adj,44.000,2014.000,2024.000,18946.809,-9.383,0.003,0.193,CB_2,5.000,2015.000,2024.000,-17.520,0.009,0.332,0.307
South,Gosung,TN_b_adj,44.000,2014.000,2024.000,18946.809,-9.383,0.003,0.193,CB_3,5.000,2015.000,2024.000,-10.935,0.005,0.184,0.496
South,Gosung,TP_b_adj,44.000,2014.000,2024.000,-895.253,0.443,0.309,0.025,CB_1,5.000,2015.000,2024.000,-234.387,0.117,0.059,0.746
South,Gosung,TP_b_adj,44.000,2014.000,2024.000,-895.253,0.443,0.309,0.025,CB_2,5.000,2015.000,2024.000,-17.520,0.009,0.332,0.307
South,Gosung,TP_b_adj,44.000,2014.000,2024.000,-895.253,0.443,0.309,0.025,CB_3,5.000,2015.000,2024.000,-10.935,0.005,0.184,0.496
South,Gosung,pH_b_adj,44.000,2014.000,2024.000,28.733,-0.014,0.067,0.077,CB_1,5.000,2015.000,2024.000,-234.387,0.117,0.059,0.746
South,Gosung,pH_b_adj,44.000,2014.000,2024.000,28.733,-0.014,0.067,0.077,CB_2,5.000,2015.000,2024.000,-17.520,0.009,0.332,0.307
South,Gosung,pH_b_adj,44.000,2014.000,2024.000,28.733,-0.014,0.067,0.077,CB_3,5.000,2015.000,2024.000,-10.935,0.005,0.184,0.496
South,Gosung,salinity_b_adj,44.000,2014.000,2024.000,48.667,-0.024,0.590,0.007,CB_1,5.000,2015.000,2024.000,-234.387,0.117,0.059,0.746
South,Gosung,salinity_b_adj,44.000,2014.000,2024.000,48.667,-0.024,0.590,0.007,CB_2,5.000,2015.000,2024.000,-17.520,0.009,0.332,0.307
South,Gosung,salinity_b_adj,44.000,2014.000,2024.000,48.667,-0.024,0.590,0.007,CB_3,5.000,2015.000,2024.000,-10.935,0.005,0.184,0.496
South,Gosung,temp_b_adj,44.000,2014.000,2024.000,-358.571,0.178,0.560,0.008,CB_1,5.000,2015.000,2024.000,-234.387,0.117,0.059,0.746
South,Gosung,temp_b_adj,44.000,2014.000,2024.000,-358.571,0.178,0.560,0.008,CB_2,5.000,2015.000,2024.000,-17.520,0.009,0.332,0.307
South,Gosung,temp_b_adj,44.000,2014.000,2024.000,-358.571,0.178,0.560,0.008,CB_3,5.000,2015.000,2024.000,-10.935,0.005,0.184,0.496
South,Tongyoung,COD_b_adj,44.000,2014.000,2024.000,-106.262,0.053,0.005,0.174,CB_1,5.000,2015.000,2024.000,-789.062,0.396,0.010,0.919
South,Tongyoung,COD_b_adj,44.000,2014.000,2024.000,-106.262,0.053,0.005,0.174,CB_2,5.000,2015.000,2024.000,30.088,-0.014,0.768,0.034
South,Tongyoung,COD_b_adj,44.000,2014.000,2024.000,-106.262,0.053,0.005,0.174,CB_3,5.000,2015.000,2024.000,237.037,-0.117,0.252,0.400
South,Tongyoung,Chla_b_adj,44.000,2014.000,2024.000,233.197,-0.115,0.013,0.137,CB_1,5.000,2015.000,2024.000,-789.062,0.396,0.010,0.919
South,Tongyoung,Chla_b_adj,44.000,2014.000,2024.000,233.197,-0.115,0.013,0.137,CB_2,5.000,2015.000,2024.000,30.088,-0.014,0.768,0.034
South,Tongyoung,Chla_b_adj,44.000,2014.000,2024.000,233.197,-0.115,0.013,0.137,CB_3,5.000,2015.000,2024.000,237.037,-0.117,0.252,0.400
South,Tongyoung,DIN_b_adj,44.000,2014.000,2024.000,-4947.415,2.450,0.199,0.039,CB_1,5.000,2015.000,2024.000,-789.062,0.396,0.010,0.919
South,Tongyoung,DIN_b_adj,44.000,2014.000,2024.000,-4947.415,2.450,0.199,0.039,CB_2,5.000,2015.000,2024.000,30.088,-0.014,0.768,0.034
South,Tongyoung,DIN_b_adj,44.000,2014.000,2024.000,-4947.415,2.450,0.199,0.039,CB_3,5.000,2015.000,2024.000,237.037,-0.117,0.252,0.400
South,Tongyoung,DIP_b_adj,44.000,2014.000,2024.000,-916.530,0.454,0.086,0.068,CB_1,5.000,2015.000,2024.000,-789.062,0.396,0.010,0.919
South,Tongyoung,DIP_b_adj,44.000,2014.000,2024.000,-916.530,0.454,0.086,0.068,CB_2,5.000,2015.000,2024.000,30.088,-0.014,0.768,0.034
South,Tongyoung,DIP_b_adj,44.000,2014.000,2024.000,-916.530,0.454,0.086,0.068,CB_3,5.000,2015.000,2024.000,237.037,-0.117,0.252,0.400
South,Tongyoung,DO_b_adj,44.000,2014.000,2024.000,158.406,-0.078,0.341,0.022,CB_1,5.000,2015.000,2024.000,-789.062,0.396,0.010,0.919
South,Tongyoung,DO_b_adj,44.000,2014.000,2024.000,158.406,-0.078,0.341,0.022,CB_2,5.000,2015.000,2024.000,30.088,-0.014,0.768,0.034
South,Tongyoung,DO_b_adj,44.000,2014.000,2024.000,158.406,-0.078,0.341,0.022,CB_3,5.000,2015.000,2024.000,237.037,-0.117,0.252,0.400
South,Tongyoung,NH3-N_b_adj,44.000,2014.000,2024.000,-1277.270,0.633,0.337,0.022,CB_1,5.000,2015.000,2024.000,-789.062,0.396,0.010,0.919
South,Tongyoung,NH3-N_b_adj,44.000,2014.000,2024.000,-1277.270,0.633,0.337,0.022,CB_2,5.000,2015.000,2024.000,30.088,-0.014,0.768,0.034
South,Tongyoung,NH3-N_b_adj,44.000,2014.000,2024.000,-1277.270,0.633,0.337,0.022,CB_3,5.000,2015.000,2024.000,237.037,-0.117,0.252,0.400
South,Tongyoung,NO2-_b_adj,44.000,2014.000,2024.000,928.832,-0.460,0.227,0.035,CB_1,5.000,2015.000,2024.000,-789.062,0.396,0.010,0.919
South,Tongyoung,NO2-_b_adj,44.000,2014.000,2024.000,928.832,-0.460,0.227,0.035,CB_2,5.000,2015.000,2024.000,30.088,-0.014,0.768,0.034
South,Tongyoung,NO2-_b_adj,44.000,2014.000,2024.000,928.832,-0.460,0.227,0.035,CB_3,5.000,2015.000,2024.000,237.037,-0.117,0.252,0.400
South,Tongyoung,NO3-_b_adj,44.000,2014.000,2024.000,-4504.720,2.231,0.176,0.043,CB_1,5.000,2015.000,2024.000,-789.062,0.396,0.010,0.919
South,Tongyoung,NO3-_b_adj,44.000,2014.000,2024.000,-4504.720,2.231,0.176,0.043,CB_2,5.000,2015.000,2024.000,30.088,-0.014,0.768,0.034
South,Tongyoung,NO3-_b_adj,44.000,2014.000,2024.000,-4504.720,2.231,0.176,0.043,CB_3,5.000,2015.000,2024.000,237.037,-0.117,0.252,0.400
South,Tongyoung,SAS_b_adj,44.000,2014.000,2024.000,-4540.394,2.248,0.798,0.002,CB_1,5.000,2015.000,2024.000,-789.062,0.396,0.010,0.919
South,Tongyoung,SAS_b_adj,44.000,2014.000,2024.000,-4540.394,2.248,0.798,0.002,CB_2,5.000,2015.000,2024.000,30.088,-0.014,0.768,0.034
South,Tongyoung,SAS_b_adj,44.000,2014.000,2024.000,-4540.394,2.248,0.798,0.002,CB_3,5.000,2015.000,2024.000,237.037,-0.117,0.252,0.400
South,Tongyoung,SS_b_adj,44.000,2014.000,2024.000,645.586,-0.320,0.114,0.058,CB_1,5.000,2015.000,2024.000,-789.062,0.396,0.010,0.919
South,Tongyoung,SS_b_adj,44.000,2014.000,2024.000,645.586,-0.320,0.114,0.058,CB_2,5.000,2015.000,2024.000,30.088,-0.014,0.768,0.034
South,Tongyoung,SS_b_adj,44.000,2014.000,2024.000,645.586,-0.320,0.114,0.058,CB_3,5.000,2015.000,2024.000,237.037,-0.117,0.252,0.400
South,Tongyoung,TN_b_adj,44.000,2014.000,2024.000,19451.157,-9.632,0.002,0.209,CB_1,5.000,2015.000,2024.000,-789.062,0.396,0.010,0.919
South,Tongyoung,TN_b_adj,44.000,2014.000,2024.000,19451.157,-9.632,0.002,0.209,CB_2,5.000,2015.000,2024.000,30.088,-0.014,0.768,0.034
South,Tongyoung,TN_b_adj,44.000,2014.000,2024.000,19451.157,-9.632,0.002,0.209,CB_3,5.000,2015.000,2024.000,237.037,-0.117,0.252,0.400
South,Tongyoung,TP_b_adj,44.000,2014.000,2024.000,697.507,-0.345,0.264,0.030,CB_1,5.000,2015.000,2024.000,-789.062,0.396,0.010,0.919
South,Tongyoung,TP_b_adj,44.000,2014.000,2024.000,697.507,-0.345,0.264,0.030,CB_2,5.000,2015.000,2024.000,30.088,-0.014,0.768,0.034
South,Tongyoung,TP_b_adj,44.000,2014.000,2024.000,697.507,-0.345,0.264,0.030,CB_3,5.000,2015.000,2024.000,237.037,-0.117,0.252,0.400
South,Tongyoung,pH_b_adj,44.000,2014.000,2024.000,25.342,-0.013,0.044,0.093,CB_1,5.000,2015.000,2024.000,-789.062,0.396,0.010,0.919
South,Tongyoung,pH_b_adj,44.000,2014.000,2024.000,25.342,-0.013,0.044,0.093,CB_2,5.000,2015.000,2024.000,30.088,-0.014,0.768,0.034
South,Tongyoung,pH_b_adj,44.000,2014.000,2024.000,25.342,-0.013,0.044,0.093,CB_3,5.000,2015.000,2024.000,237.037,-0.117,0.252,0.400
South,Tongyoung,salinity_b_adj,44.000,2014.000,2024.000,51.047,-0.025,0.392,0.017,CB_1,5.000,2015.000,2024.000,-789.062,0.396,0.010,0.919
South,Tongyoung,salinity_b_adj,44.000,2014.000,2024.000,51.047,-0.025,0.392,0.017,CB_2,5.000,2015.000,2024.000,30.088,-0.014,0.768,0.034
South,Tongyoung,salinity_b_adj,44.000,2014.000,2024.000,51.047,-0.025,0.392,0.017,CB_3,5.000,2015.000,2024.000,237.037,-0.117,0.252,0.400
South,Tongyoung,temp_b_adj,44.000,2014.000,2024.000,-362.384,0.179,0.363,0.020,CB_1,5.000,2015.000,2024.000,-789.062,0.396,0.010,0.919
South,Tongyoung,temp_b_adj,44.000,2014.000,2024.000,-362.384,0.179,0.363,0.020,CB_2,5.000,2015.000,2024.000,30.088,-0.014,0.768,0.034
South,Tongyoung,temp_b_adj,44.000,2014.000,2024.000,-362.384,0.179,0.363,0.020,CB_3,5.000,2015.000,2024.000,237.037,-0.117,0.252,0.400
South,Yeosu,COD_b_adj,44.000,2014.000,2024.000,-140.365,0.070,0.004,0.182,CB_1,4.000,2018.000,2024.000,-1263.443,0.633,0.175,0.680
South,Yeosu,COD_b_adj,44.000,2014.000,2024.000,-140.365,0.070,0.004,0.182,CB_2,4.000,2018.000,2024.000,-389.747,0.194,0.034,0.933
South,Yeosu,COD_b_adj,44.000,2014.000,2024.000,-140.365,0.070,0.004,0.182,CB_3,4.000,2018.000,2024.000,-168.729,0.084,0.144,0.732
South,Yeosu,Chla_b_adj,44.000,2014.000,2024.000,396.352,-0.196,0.064,0.080,CB_1,4.000,2018.000,2024.000,-1263.443,0.633,0.175,0.680
South,Yeosu,Chla_b_adj,44.000,2014.000,2024.000,396.352,-0.196,0.064,0.080,CB_2,4.000,2018.000,2024.000,-389.747,0.194,0.034,0.933
South,Yeosu,Chla_b_adj,44.000,2014.000,2024.000,396.352,-0.196,0.064,0.080,CB_3,4.000,2018.000,2024.000,-168.729,0.084,0.144,0.732
South,Yeosu,DIN_b_adj,44.000,2014.000,2024.000,-2939.222,1.456,0.434,0.015,CB_1,4.000,2018.000,2024.000,-1263.443,0.633,0.175,0.680
South,Yeosu,DIN_b_adj,44.000,2014.000,2024.000,-2939.222,1.456,0.434,0.015,CB_2,4.000,2018.000,2024.000,-389.747,0.194,0.034,0.933
South,Yeosu,DIN_b_adj,44.000,2014.000,2024.000,-2939.222,1.456,0.434,0.015,CB_3,4.000,2018.000,2024.000,-168.729,0.084,0.144,0.732
South,Yeosu,DIP_b_adj,44.000,2014.000,2024.000,-826.239,0.409,0.243,0.032,CB_1,4.000,2018.000,2024.000,-1263.443,0.633,0.175,0.680
South,Yeosu,DIP_b_adj,44.000,2014.000,2024.000,-826.239,0.409,0.243,0.032,CB_2,4.000,2018.000,2024.000,-389.747,0.194,0.034,0.933
South,Yeosu,DIP_b_adj,44.000,2014.000,2024.000,-826.239,0.409,0.243,0.032,CB_3,4.000,2018.000,2024.000,-168.729,0.084,0.144,0.732
South,Yeosu,DO_b_adj,44.000,2014.000,2024.000,196.076,-0.097,0.193,0.040,CB_1,4.000,2018.000,2024.000,-1263.443,0.633,0.175,0.680
South,Yeosu,DO_b_adj,44.000,2014.000,2024.000,196.076,-0.097,0.193,0.040,CB_2,4.000,2018.000,2024.000,-389.747,0.194,0.034,0.933
South,Yeosu,DO_b_adj,44.000,2014.000,2024.000,196.076,-0.097,0.193,0.040,CB_3,4.000,2018.000,2024.000,-168.729,0.084,0.144,0.732
South,Yeosu,NH3-N_b_adj,44.000,2014.000,2024.000,-2121.415,1.051,0.094,0.065,CB_1,4.000,2018.000,2024.000,-1263.443,0.633,0.175,0.680
South,Yeosu,NH3-N_b_adj,44.000,2014.000,2024.000,-2121.415,1.051,0.094,0.065,CB_2,4.000,2018.000,2024.000,-389.747,0.194,0.034,0.933
South,Yeosu,NH3-N_b_adj,44.000,2014.000,2024.000,-2121.415,1.051,0.094,0.065,CB_3,4.000,2018.000,2024.000,-168.729,0.084,0.144,0.732
South,Yeosu,NO2-_b_adj,44.000,2014.000,2024.000,1098.855,-0.544,0.162,0.046,CB_1,4.000,2018.000,2024.000,-1263.443,0.633,0.175,0.680
South,Yeosu,NO2-_b_adj,44.000,2014.000,2024.000,1098.855,-0.544,0.162,0.046,CB_2,4.000,2018.000,2024.000,-389.747,0.194,0.034,0.933
South,Yeosu,NO2-_b_adj,44.000,2014.000,2024.000,1098.855,-0.544,0.162,0.046,CB_3,4.000,2018.000,2024.000,-168.729,0.084,0.144,0.732
South,Yeosu,NO3-_b_adj,44.000,2014.000,2024.000,-3843.134,1.903,0.257,0.030,CB_1,4.000,2018.000,2024.000,-1263.443,0.633,0.175,0.680
South,Yeosu,NO3-_b_adj,44.000,2014.000,2024.000,-3843.134,1.903,0.257,0.030,CB_2,4.000,2018.000,2024.000,-389.747,0.194,0.034,0.933
South,Yeosu,NO3-_b_adj,44.000,2014.000,2024.000,-3843.134,1.903,0.257,0.030,CB_3,4.000,2018.000,2024.000,-168.729,0.084,0.144,0.732
South,Yeosu,SAS_b_adj,44.000,2014.000,2024.000,-7254.359,3.592,0.661,0.005,CB_1,4.000,2018.000,2024.000,-1263.443,0.633,0.175,0.680
South,Yeosu,SAS_b_adj,44.000,2014.000,2024.000,-7254.359,3.592,0.661,0.005,CB_2,4.000,2018.000,2024.000,-389.747,0.194,0.034,0.933
South,Yeosu,SAS_b_adj,44.000,2014.000,2024.000,-7254.359,3.592,0.661,0.005,CB_3,4.000,2018.000,2024.000,-168.729,0.084,0.144,0.732
South,Yeosu,SS_b_adj,44.000,2014.000,2024.000,-430.783,0.213,0.299,0.026,CB_1,4.000,2018.000,2024.000,-1263.443,0.633,0.175,0.680
South,Yeosu,SS_b_adj,44.000,2014.000,2024.000,-430.783,0.213,0.299,0.026,CB_2,4.000,2018.000,2024.000,-389.747,0.194,0.034,0.933
South,Yeosu,SS_b_adj,44.000,2014.000,2024.000,-430.783,0.213,0.299,0.026,CB_3,4.000,2018.000,2024.000,-168.729,0.084,0.144,0.732
South,Yeosu,TN_b_adj,44.000,2014.000,2024.000,16309.476,-8.076,0.004,0.181,CB_1,4.000,2018.000,2024.000,-1263.443,0.633,0.175,0.680
South,Yeosu,TN_b_adj,44.000,2014.000,2024.000,16309.476,-8.076,0.004,0.181,CB_2,4.000,2018.000,2024.000,-389.747,0.194,0.034,0.933
South,Yeosu,TN_b_adj,44.000,2014.000,2024.000,16309.476,-8.076,0.004,0.181,CB_3,4.000,2018.000,2024.000,-168.729,0.084,0.144,0.732
South,Yeosu,TP_b_adj,44.000,2014.000,2024.000,-1500.123,0.743,0.023,0.117,CB_1,4.000,2018.000,2024.000,-1263.443,0.633,0.175,0.680
South,Yeosu,TP_b_adj,44.000,2014.000,2024.000,-1500.123,0.743,0.023,0.117,CB_2,4.000,2018.000,2024.000,-389.747,0.194,0.034,0.933
South,Yeosu,TP_b_adj,44.000,2014.000,2024.000,-1500.123,0.743,0.023,0.117,CB_3,4.000,2018.000,2024.000,-168.729,0.084,0.144,0.732
South,Yeosu,pH_b_adj,44.000,2014.000,2024.000,20.647,-0.010,0.072,0.075,CB_1,4.000,2018.000,2024.000,-1263.443,0.633,0.175,0.680
South,Yeosu,pH_b_adj,44.000,2014.000,2024.000,20.647,-0.010,0.072,0.075,CB_2,4.000,2018.000,2024.000,-389.747,0.194,0.034,0.933
South,Yeosu,pH_b_adj,44.000,2014.000,2024.000,20.647,-0.010,0.072,0.075,CB_3,4.000,2018.000,2024.000,-168.729,0.084,0.144,0.732
South,Yeosu,salinity_b_adj,44.000,2014.000,2024.000,19.265,-0.010,0.761,0.002,CB_1,4.000,2018.000,2024.000,-1263.443,0.633,0.175,0.680
South,Yeosu,salinity_b_adj,44.000,2014.000,2024.000,19.265,-0.010,0.761,0.002,CB_2,4.000,2018.000,2024.000,-389.747,0.194,0.034,0.933
South,Yeosu,salinity_b_adj,44.000,2014.000,2024.000,19.265,-0.010,0.761,0.002,CB_3,4.000,2018.000,2024.000,-168.729,0.084,0.144,0.732
South,Yeosu,temp_b_adj,44.000,2014.000,2024.000,-177.329,0.088,0.714,0.003,CB_1,4.000,2018.000,2024.000,-1263.443,0.633,0.175,0.680
South,Yeosu,temp_b_adj,44.000,2014.000,2024.000,-177.329,0.088,0.714,0.003,CB_2,4.000,2018.000,2024.000,-389.747,0.194,0.034,0.933
South,Yeosu,temp_b_adj,44.000,2014.000,2024.000,-177.329,0.088,0.714,0.003,CB_3,4.000,2018.000,2024.000,-168.729,0.084,0.144,0.732
